id,gender,area,qualification,income,marital_status,vintage,claim_amount,num_policies,type_of_policy
1,Male,Urban,Bachelor,100jt-200jt,1,5,1042200,More than 1,Platinum
2,Male,Urban,Bachelor,100jt-200jt,1,8,467820,More than 1,Platinum
3,Female,Rural,High School,100jt-200jt,0,7,0,More than 1,Platinum
4,Male,Urban,High School,>200jt,1,6,631440,More than 1,Gold
5,Female,Urban,High School,100jt-200jt,0,0,985140,More than 1,Silver
6,Female,Urban,High School,100jt-200jt,1,3,1098900,More than 1,Gold
7,Male,Rural,High School,>200jt,1,6,0,More than 1,Platinum
8,Male,Urban,High School,100jt-200jt,0,4,779220,More than 1,Platinum
9,Male,Urban,Bachelor,35jt-100jt,0,6,1143180,More than 1,Silver
10,Male,Urban,Bachelor,35jt-100jt,1,7,778860,1,Platinum
11,Male,Urban,Bachelor,100jt-200jt,0,8,1244700,More than 1,Platinum
12,Female,Urban,High School,35jt-100jt,0,1,971640,1,Gold
13,Female,Rural,High School,>200jt,1,2,0,More than 1,Silver
14,Female,Urban,High School,100jt-200jt,1,7,780480,More than 1,Platinum
15,Female,Urban,Bachelor,>200jt,1,2,1357380,More than 1,Platinum
16,Male,Urban,High School,100jt-200jt,0,8,1445220,More than 1,Silver
17,Male,Urban,High School,35jt-100jt,0,7,1103760,1,Platinum
18,Female,Urban,Bachelor,100jt-200jt,1,6,398160,More than 1,Platinum
19,Male,Urban,Bachelor,>200jt,1,4,0,More than 1,Gold
20,Female,Rural,Bachelor,100jt-200jt,1,3,638640,More than 1,Platinum
21,Female,Urban,High School,35jt-100jt,1,7,569880,1,Platinum
22,Male,Rural,Bachelor,100jt-200jt,1,7,0,1,Silver
23,Female,Rural,High School,100jt-200jt,1,3,0,1,Platinum
24,Male,Urban,High School,100jt-200jt,1,1,1040220,More than 1,Gold
25,Male,Rural,Others,100jt-200jt,1,4,870120,1,Platinum
26,Male,Rural,Bachelor,100jt-200jt,0,0,513720,1,Platinum
27,Female,Rural,High School,35jt-100jt,1,7,438840,More than 1,Platinum
28,Female,Urban,High School,100jt-200jt,1,7,704520,1,Platinum
29,Male,Rural,High School,>200jt,1,5,0,1,Silver
30,Male,Urban,High School,100jt-200jt,0,1,474120,1,Platinum
31,Female,Urban,High School,100jt-200jt,1,2,1165140,More than 1,Platinum
32,Female,Urban,High School,35jt-100jt,0,5,1003140,1,Silver
33,Female,Rural,High School,100jt-200jt,1,5,0,More than 1,Platinum
34,Female,Urban,Bachelor,100jt-200jt,0,7,505080,More than 1,Silver
35,Female,Rural,High School,100jt-200jt,0,6,487440,1,Silver
36,Female,Urban,Bachelor,35jt-100jt,1,5,1130220,More than 1,Platinum
37,Male,Urban,Bachelor,100jt-200jt,1,6,729000,More than 1,Platinum
38,Female,Urban,High School,35jt-100jt,0,3,979740,1,Platinum
39,Male,Rural,Bachelor,100jt-200jt,0,6,0,1,Platinum
40,Female,Urban,Bachelor,35jt-100jt,1,6,2902140,More than 1,Platinum
41,Male,Urban,High School,100jt-200jt,0,6,1162440,More than 1,Platinum
42,Female,Rural,Bachelor,100jt-200jt,0,3,0,More than 1,Silver
43,Female,Urban,High School,100jt-200jt,0,7,1724940,More than 1,Gold
44,Male,Rural,Bachelor,100jt-200jt,1,5,0,More than 1,Gold
45,Male,Urban,High School,100jt-200jt,1,4,717840,More than 1,Platinum
46,Male,Rural,High School,100jt-200jt,1,1,570600,1,Platinum
47,Male,Rural,Bachelor,100jt-200jt,0,7,767160,1,Platinum
48,Male,Urban,High School,100jt-200jt,1,6,1819440,More than 1,Platinum
49,Female,Urban,High School,>200jt,1,6,922320,1,Gold
50,Male,Rural,High School,100jt-200jt,1,0,513360,1,Silver
51,Male,Urban,High School,100jt-200jt,0,2,1075680,More than 1,Platinum
52,Male,Rural,High School,100jt-200jt,1,4,1174680,More than 1,Platinum
53,Female,Urban,High School,35jt-100jt,0,3,576540,1,Platinum
54,Female,Urban,High School,100jt-200jt,1,4,474120,More than 1,Silver
55,Female,Urban,Bachelor,100jt-200jt,0,6,600300,More than 1,Gold
56,Male,Urban,Bachelor,100jt-200jt,1,6,641880,1,Platinum
57,Female,Urban,High School,100jt-200jt,1,6,1317060,More than 1,Platinum
58,Male,Urban,High School,100jt-200jt,1,1,1099980,1,Platinum
59,Male,Urban,Bachelor,>200jt,0,1,410400,More than 1,Platinum
60,Female,Urban,Bachelor,35jt-100jt,1,6,480420,1,Silver
61,Male,Urban,Bachelor,100jt-200jt,1,6,484560,More than 1,Platinum
62,Male,Urban,Bachelor,100jt-200jt,0,2,1983780,More than 1,Silver
63,Female,Urban,High School,>200jt,1,0,577260,1,Silver
64,Male,Rural,Bachelor,35jt-100jt,1,0,925920,More than 1,Gold
65,Male,Urban,High School,100jt-200jt,1,6,0,More than 1,Gold
66,Male,Urban,Bachelor,100jt-200jt,0,4,752400,More than 1,Platinum
67,Female,Urban,Bachelor,>200jt,0,5,1082340,More than 1,Gold
68,Male,Urban,High School,>200jt,0,6,653040,More than 1,Platinum
69,Female,Rural,High School,35jt-100jt,1,3,972540,More than 1,Silver
70,Female,Urban,High School,100jt-200jt,1,5,1126620,1,Gold
71,Male,Urban,High School,100jt-200jt,0,1,555840,More than 1,Platinum
72,Male,Rural,High School,100jt-200jt,1,5,0,1,Platinum
73,Female,Rural,Bachelor,100jt-200jt,1,5,371700,More than 1,Gold
74,Male,Urban,High School,35jt-100jt,1,5,1168920,1,Platinum
75,Female,Rural,Bachelor,100jt-200jt,1,3,0,More than 1,Gold
76,Male,Urban,High School,100jt-200jt,1,1,1301580,More than 1,Silver
77,Male,Rural,High School,100jt-200jt,0,7,641340,More than 1,Silver
78,Male,Urban,High School,<35jt,0,6,1160100,More than 1,Silver
79,Female,Urban,High School,35jt-100jt,1,7,762120,More than 1,Platinum
80,Female,Rural,Others,>200jt,1,6,1042560,More than 1,Silver
81,Male,Urban,High School,100jt-200jt,1,1,918360,1,Gold
82,Female,Urban,Bachelor,35jt-100jt,1,2,708660,1,Silver
83,Male,Rural,High School,100jt-200jt,1,3,0,1,Gold
84,Male,Urban,Bachelor,100jt-200jt,1,1,431640,More than 1,Gold
85,Male,Urban,High School,100jt-200jt,0,6,1771200,More than 1,Gold
86,Female,Rural,High School,100jt-200jt,1,1,874980,1,Gold
87,Male,Urban,Bachelor,100jt-200jt,0,6,2826540,More than 1,Platinum
88,Female,Urban,High School,100jt-200jt,0,1,705960,1,Platinum
89,Male,Rural,High School,100jt-200jt,1,2,541980,More than 1,Platinum
90,Female,Urban,High School,100jt-200jt,0,3,1172160,More than 1,Platinum
91,Female,Rural,High School,100jt-200jt,1,7,990720,1,Gold
92,Male,Urban,Bachelor,35jt-100jt,0,3,668520,1,Silver
93,Male,Urban,Bachelor,<35jt,0,6,1128600,More than 1,Silver
94,Male,Urban,Bachelor,100jt-200jt,1,5,583740,1,Gold
95,Male,Rural,High School,100jt-200jt,0,3,0,More than 1,Platinum
96,Female,Rural,High School,>200jt,1,8,0,More than 1,Platinum
97,Male,Urban,Bachelor,100jt-200jt,0,1,410580,1,Silver
98,Female,Urban,Bachelor,100jt-200jt,1,8,614160,1,Gold
99,Female,Urban,Bachelor,100jt-200jt,0,3,953460,1,Platinum
100,Male,Urban,Bachelor,100jt-200jt,0,8,444780,More than 1,Platinum
101,Male,Urban,High School,100jt-200jt,1,7,510480,1,Gold
102,Male,Urban,Others,35jt-100jt,1,3,934560,More than 1,Silver
103,Female,Urban,Bachelor,>200jt,0,6,1748700,More than 1,Gold
104,Female,Urban,High School,35jt-100jt,0,6,720900,More than 1,Platinum
105,Male,Rural,Bachelor,>200jt,1,3,0,1,Platinum
106,Female,Urban,High School,100jt-200jt,1,8,543600,More than 1,Platinum
107,Male,Urban,High School,35jt-100jt,1,6,690840,More than 1,Silver
108,Male,Rural,High School,100jt-200jt,0,7,537300,More than 1,Gold
109,Male,Urban,High School,100jt-200jt,1,7,0,1,Silver
110,Female,Urban,High School,100jt-200jt,0,7,1291320,More than 1,Gold
111,Male,Rural,High School,100jt-200jt,1,4,0,1,Silver
112,Male,Urban,High School,35jt-100jt,0,5,1010160,1,Silver
113,Female,Urban,High School,100jt-200jt,0,6,616680,More than 1,Gold
114,Male,Urban,High School,35jt-100jt,1,2,1308420,More than 1,Gold
115,Male,Urban,Bachelor,35jt-100jt,0,6,999900,More than 1,Silver
116,Female,Urban,Bachelor,35jt-100jt,0,3,800820,More than 1,Platinum
117,Male,Rural,Bachelor,>200jt,0,6,0,1,Platinum
118,Male,Urban,Bachelor,100jt-200jt,0,7,712260,More than 1,Silver
119,Female,Urban,High School,35jt-100jt,1,5,1777680,More than 1,Platinum
120,Male,Rural,Bachelor,100jt-200jt,1,5,0,More than 1,Platinum
121,Male,Urban,Bachelor,35jt-100jt,0,7,428040,More than 1,Platinum
122,Male,Urban,Bachelor,100jt-200jt,0,3,995040,1,Platinum
123,Male,Rural,Bachelor,>200jt,1,3,1303020,More than 1,Gold
124,Female,Urban,Bachelor,35jt-100jt,1,6,705600,More than 1,Gold
125,Male,Urban,Bachelor,100jt-200jt,0,2,930960,1,Silver
126,Male,Urban,High School,100jt-200jt,0,7,702180,1,Platinum
127,Male,Rural,High School,35jt-100jt,0,1,0,More than 1,Silver
128,Female,Rural,Bachelor,100jt-200jt,1,4,557460,1,Platinum
129,Female,Urban,High School,100jt-200jt,1,8,1138320,More than 1,Gold
130,Male,Rural,High School,100jt-200jt,0,2,0,More than 1,Silver
131,Male,Urban,High School,100jt-200jt,1,3,676800,1,Platinum
132,Female,Urban,High School,35jt-100jt,0,6,1044540,More than 1,Silver
133,Female,Urban,High School,100jt-200jt,0,3,517140,More than 1,Silver
134,Female,Rural,High School,100jt-200jt,0,6,414360,More than 1,Platinum
135,Female,Rural,High School,100jt-200jt,0,4,0,More than 1,Gold
136,Male,Urban,High School,100jt-200jt,0,7,1555380,More than 1,Gold
137,Male,Urban,Bachelor,35jt-100jt,1,6,643680,1,Silver
138,Male,Rural,High School,>200jt,0,6,0,More than 1,Platinum
139,Female,Rural,Bachelor,>200jt,1,7,0,1,Platinum
140,Male,Rural,Bachelor,>200jt,1,5,410400,More than 1,Platinum
141,Female,Urban,Bachelor,35jt-100jt,0,3,985140,More than 1,Silver
142,Female,Rural,Bachelor,35jt-100jt,1,2,460260,More than 1,Gold
143,Male,Urban,Bachelor,100jt-200jt,0,4,1581840,More than 1,Silver
144,Female,Rural,Bachelor,>200jt,1,5,0,More than 1,Silver
145,Female,Urban,High School,35jt-100jt,1,5,1022940,More than 1,Platinum
146,Female,Urban,Bachelor,35jt-100jt,0,1,1207080,1,Platinum
147,Male,Rural,High School,>200jt,0,3,0,More than 1,Platinum
148,Male,Urban,Bachelor,35jt-100jt,0,4,1214100,More than 1,Silver
149,Male,Urban,Bachelor,100jt-200jt,1,7,1389600,More than 1,Gold
150,Male,Urban,High School,100jt-200jt,0,6,1083060,More than 1,Platinum
151,Male,Urban,Bachelor,100jt-200jt,1,4,425880,1,Gold
152,Female,Urban,Bachelor,35jt-100jt,0,7,1015020,More than 1,Silver
153,Female,Rural,High School,>200jt,1,6,0,1,Platinum
154,Male,Urban,High School,>200jt,0,7,835200,1,Silver
155,Male,Urban,Bachelor,35jt-100jt,1,6,899640,More than 1,Silver
156,Female,Urban,High School,100jt-200jt,1,8,1098000,1,Silver
157,Male,Rural,Bachelor,100jt-200jt,1,3,0,1,Gold
158,Male,Rural,High School,100jt-200jt,0,7,0,More than 1,Silver
159,Female,Urban,High School,<35jt,0,5,1147320,1,Platinum
160,Male,Urban,High School,100jt-200jt,0,5,2755980,1,Platinum
161,Female,Rural,High School,100jt-200jt,1,1,429480,1,Platinum
162,Female,Urban,Bachelor,<35jt,0,1,713520,More than 1,Platinum
163,Male,Urban,High School,100jt-200jt,0,4,944100,More than 1,Platinum
164,Female,Urban,High School,100jt-200jt,0,6,1145700,More than 1,Platinum
165,Male,Urban,Bachelor,>200jt,1,3,1051740,1,Platinum
166,Female,Urban,High School,35jt-100jt,0,1,935100,More than 1,Platinum
167,Male,Rural,Bachelor,100jt-200jt,1,8,509940,1,Silver
168,Male,Rural,High School,>200jt,1,4,0,1,Silver
169,Male,Urban,High School,100jt-200jt,0,5,1820880,More than 1,Platinum
170,Male,Urban,High School,100jt-200jt,1,6,444060,More than 1,Platinum
171,Female,Rural,High School,100jt-200jt,1,8,482040,More than 1,Silver
172,Male,Urban,Bachelor,35jt-100jt,1,6,780300,1,Silver
173,Male,Urban,High School,>200jt,1,5,1013040,1,Gold
174,Male,Rural,Others,100jt-200jt,1,2,0,1,Platinum
175,Male,Urban,Bachelor,35jt-100jt,1,5,678600,More than 1,Platinum
176,Female,Urban,Bachelor,100jt-200jt,0,3,702000,More than 1,Platinum
177,Male,Urban,Bachelor,100jt-200jt,1,4,672660,1,Silver
178,Male,Urban,Bachelor,35jt-100jt,0,2,426420,More than 1,Platinum
179,Male,Urban,Bachelor,35jt-100jt,0,8,1281600,More than 1,Gold
180,Female,Rural,Bachelor,100jt-200jt,1,7,0,1,Platinum
181,Male,Rural,High School,>200jt,1,5,0,More than 1,Gold
182,Female,Urban,High School,>200jt,1,4,678780,More than 1,Platinum
183,Male,Rural,High School,100jt-200jt,1,6,628200,1,Silver
184,Male,Urban,Bachelor,100jt-200jt,0,8,745560,More than 1,Gold
185,Male,Urban,High School,100jt-200jt,1,1,729720,More than 1,Gold
186,Male,Rural,Bachelor,>200jt,1,8,0,More than 1,Silver
187,Male,Urban,Bachelor,100jt-200jt,1,4,1172340,More than 1,Platinum
188,Male,Urban,High School,35jt-100jt,0,7,981360,More than 1,Platinum
189,Male,Urban,High School,35jt-100jt,0,6,922140,1,Gold
190,Male,Urban,Bachelor,35jt-100jt,1,7,0,1,Silver
191,Male,Rural,High School,100jt-200jt,0,7,0,More than 1,Gold
192,Male,Urban,High School,35jt-100jt,1,6,1400760,1,Platinum
193,Female,Rural,High School,>200jt,0,7,455040,More than 1,Platinum
194,Male,Urban,Bachelor,100jt-200jt,0,7,442800,1,Silver
195,Male,Rural,Bachelor,>200jt,0,5,0,1,Platinum
196,Male,Urban,Bachelor,35jt-100jt,1,6,982800,1,Silver
197,Female,Rural,Bachelor,35jt-100jt,0,6,1073340,More than 1,Silver
198,Male,Urban,High School,100jt-200jt,1,6,1009980,More than 1,Platinum
199,Male,Urban,Bachelor,100jt-200jt,0,7,425340,1,Platinum
200,Male,Urban,Others,35jt-100jt,0,7,701100,1,Gold
201,Male,Urban,High School,100jt-200jt,0,3,1290780,More than 1,Platinum
202,Female,Urban,Bachelor,>200jt,1,7,0,1,Silver
203,Male,Urban,High School,100jt-200jt,1,7,1000980,1,Gold
204,Female,Urban,High School,35jt-100jt,1,6,1008540,1,Silver
205,Female,Rural,High School,100jt-200jt,1,0,994500,1,Platinum
206,Female,Rural,High School,100jt-200jt,1,2,0,1,Platinum
207,Male,Rural,Bachelor,100jt-200jt,1,8,0,1,Platinum
208,Female,Urban,Bachelor,>200jt,0,7,1340460,More than 1,Platinum
209,Male,Urban,High School,100jt-200jt,0,6,707580,1,Gold
210,Male,Rural,Bachelor,100jt-200jt,1,4,462960,1,Platinum
211,Female,Urban,Bachelor,>200jt,0,3,0,1,Platinum
212,Female,Urban,Bachelor,<35jt,0,6,1306800,More than 1,Silver
213,Male,Rural,Bachelor,100jt-200jt,0,4,0,1,Platinum
214,Female,Urban,High School,100jt-200jt,1,6,657000,More than 1,Platinum
215,Male,Urban,High School,>200jt,1,4,742860,More than 1,Silver
216,Male,Urban,High School,35jt-100jt,0,1,3036780,More than 1,Platinum
217,Female,Rural,High School,100jt-200jt,1,3,538740,1,Platinum
218,Female,Urban,High School,100jt-200jt,1,5,1505700,1,Silver
219,Male,Urban,High School,100jt-200jt,0,2,1324980,1,Gold
220,Female,Rural,High School,>200jt,1,6,650700,1,Silver
221,Male,Urban,High School,>200jt,0,5,1143000,More than 1,Gold
222,Male,Urban,High School,100jt-200jt,1,4,774540,More than 1,Platinum
223,Male,Urban,High School,35jt-100jt,1,2,1047600,1,Platinum
224,Male,Rural,High School,100jt-200jt,1,2,0,1,Gold
225,Female,Urban,High School,35jt-100jt,0,6,708300,1,Gold
226,Male,Urban,High School,100jt-200jt,0,5,1953900,More than 1,Platinum
227,Female,Rural,High School,100jt-200jt,1,4,436500,1,Platinum
228,Female,Rural,High School,100jt-200jt,0,1,0,1,Silver
229,Female,Urban,High School,100jt-200jt,1,5,675180,1,Platinum
230,Male,Urban,Bachelor,100jt-200jt,0,3,1848240,More than 1,Platinum
231,Female,Rural,High School,100jt-200jt,1,4,0,1,Gold
232,Male,Urban,Bachelor,100jt-200jt,1,2,0,More than 1,Platinum
233,Male,Urban,High School,35jt-100jt,0,5,1350900,1,Platinum
234,Male,Urban,Bachelor,100jt-200jt,1,5,1108440,More than 1,Gold
235,Male,Rural,High School,100jt-200jt,1,3,763560,More than 1,Gold
236,Male,Urban,Bachelor,100jt-200jt,1,1,1130040,1,Silver
237,Female,Urban,High School,100jt-200jt,1,4,1051740,More than 1,Platinum
238,Female,Urban,High School,35jt-100jt,1,3,900900,1,Platinum
239,Male,Urban,High School,>200jt,0,4,717480,More than 1,Platinum
240,Female,Urban,High School,100jt-200jt,1,4,1900440,1,Gold
241,Male,Rural,High School,>200jt,0,3,622620,More than 1,Platinum
242,Female,Urban,High School,100jt-200jt,0,7,674820,1,Platinum
243,Female,Rural,Bachelor,100jt-200jt,1,6,0,More than 1,Platinum
244,Female,Urban,High School,100jt-200jt,1,3,672300,More than 1,Platinum
245,Female,Rural,Bachelor,35jt-100jt,1,7,741600,More than 1,Silver
246,Male,Urban,High School,100jt-200jt,1,8,1207080,1,Gold
247,Male,Rural,Bachelor,100jt-200jt,1,6,0,More than 1,Gold
248,Male,Urban,High School,100jt-200jt,1,8,2049480,More than 1,Silver
249,Male,Rural,High School,100jt-200jt,0,4,0,1,Platinum
250,Female,Urban,Bachelor,100jt-200jt,0,3,1975320,More than 1,Platinum
251,Male,Urban,Bachelor,100jt-200jt,1,7,441360,More than 1,Gold
252,Male,Rural,High School,100jt-200jt,1,5,1510560,More than 1,Gold
253,Male,Urban,Bachelor,100jt-200jt,0,7,1258560,More than 1,Silver
254,Female,Rural,High School,100jt-200jt,1,4,0,More than 1,Platinum
255,Female,Urban,Bachelor,35jt-100jt,0,4,641160,More than 1,Silver
256,Male,Urban,High School,100jt-200jt,1,5,784080,More than 1,Platinum
257,Male,Urban,High School,100jt-200jt,0,8,1302300,More than 1,Platinum
258,Male,Urban,Bachelor,100jt-200jt,1,7,1243440,More than 1,Platinum
259,Male,Urban,High School,100jt-200jt,1,5,958680,1,Silver
260,Male,Urban,High School,35jt-100jt,0,6,1456740,More than 1,Platinum
261,Female,Urban,Bachelor,>200jt,1,6,435240,More than 1,Gold
262,Female,Rural,High School,>200jt,1,0,647100,More than 1,Silver
263,Female,Urban,High School,100jt-200jt,1,3,742500,1,Platinum
264,Female,Rural,Bachelor,>200jt,1,7,452700,1,Platinum
265,Female,Rural,Bachelor,>200jt,0,6,0,1,Gold
266,Female,Urban,Bachelor,100jt-200jt,0,5,903600,1,Gold
267,Female,Rural,High School,100jt-200jt,1,2,459360,More than 1,Gold
268,Male,Rural,Bachelor,100jt-200jt,1,1,514980,1,Platinum
269,Male,Rural,High School,100jt-200jt,0,7,429300,1,Silver
270,Male,Rural,High School,>200jt,1,6,605520,More than 1,Platinum
271,Female,Urban,Others,35jt-100jt,1,4,1024380,More than 1,Gold
272,Female,Rural,High School,>200jt,1,6,0,1,Platinum
273,Female,Urban,High School,100jt-200jt,1,3,1023480,1,Platinum
274,Female,Urban,High School,35jt-100jt,1,3,981720,More than 1,Platinum
275,Female,Urban,Bachelor,>200jt,1,6,717480,More than 1,Platinum
276,Female,Urban,Bachelor,100jt-200jt,1,4,462600,More than 1,Platinum
277,Female,Rural,Bachelor,>200jt,1,7,0,More than 1,Platinum
278,Female,Urban,High School,100jt-200jt,0,6,0,1,Platinum
279,Male,Urban,Bachelor,100jt-200jt,1,3,0,More than 1,Silver
280,Male,Rural,Bachelor,>200jt,0,8,0,More than 1,Gold
281,Female,Urban,Bachelor,100jt-200jt,1,1,680040,More than 1,Gold
282,Female,Urban,High School,100jt-200jt,0,0,1143000,More than 1,Silver
283,Male,Rural,Bachelor,>200jt,1,8,0,More than 1,Silver
284,Male,Rural,Bachelor,100jt-200jt,1,2,0,1,Platinum
285,Male,Urban,Bachelor,>200jt,1,6,738180,1,Platinum
286,Female,Urban,High School,100jt-200jt,1,2,1189440,More than 1,Gold
287,Female,Urban,Bachelor,35jt-100jt,1,6,553320,More than 1,Platinum
288,Female,Urban,Bachelor,100jt-200jt,1,6,977760,More than 1,Platinum
289,Male,Urban,High School,100jt-200jt,0,8,759060,More than 1,Gold
290,Female,Urban,High School,100jt-200jt,1,5,426960,More than 1,Platinum
291,Female,Urban,High School,100jt-200jt,1,4,734760,More than 1,Platinum
292,Male,Urban,Bachelor,100jt-200jt,1,5,684000,1,Silver
293,Female,Urban,High School,100jt-200jt,0,4,0,1,Platinum
294,Male,Urban,Bachelor,100jt-200jt,1,6,1623780,More than 1,Platinum
295,Male,Rural,High School,>200jt,0,4,828720,1,Platinum
296,Male,Urban,High School,100jt-200jt,0,7,554040,More than 1,Platinum
297,Female,Urban,Bachelor,100jt-200jt,0,2,1022940,1,Platinum
298,Female,Urban,Bachelor,35jt-100jt,1,0,779040,1,Gold
299,Male,Urban,Bachelor,100jt-200jt,0,5,2388240,1,Platinum
300,Male,Rural,Bachelor,100jt-200jt,1,6,0,More than 1,Silver
301,Male,Urban,High School,>200jt,1,8,726120,More than 1,Gold
302,Male,Urban,High School,100jt-200jt,1,4,416700,1,Silver
303,Female,Rural,High School,>200jt,1,5,1120860,1,Gold
304,Male,Urban,High School,35jt-100jt,0,6,967500,More than 1,Platinum
305,Female,Urban,High School,100jt-200jt,1,6,691380,More than 1,Platinum
306,Male,Rural,Bachelor,35jt-100jt,1,4,0,1,Silver
307,Female,Urban,High School,100jt-200jt,1,6,701820,More than 1,Silver
308,Female,Urban,High School,35jt-100jt,1,4,797940,1,Gold
309,Female,Urban,High School,100jt-200jt,1,6,0,1,Platinum
310,Male,Rural,High School,35jt-100jt,0,4,491400,More than 1,Silver
311,Male,Urban,Bachelor,35jt-100jt,1,1,779040,More than 1,Platinum
312,Female,Urban,Bachelor,100jt-200jt,1,7,729540,More than 1,Platinum
313,Female,Urban,Others,100jt-200jt,0,5,1000080,1,Silver
314,Male,Rural,High School,100jt-200jt,0,3,513900,More than 1,Silver
315,Female,Urban,High School,35jt-100jt,0,6,1066680,More than 1,Platinum
316,Female,Urban,High School,>200jt,0,4,923940,More than 1,Gold
317,Female,Rural,High School,>200jt,1,6,0,More than 1,Platinum
318,Female,Urban,High School,100jt-200jt,1,5,0,More than 1,Platinum
319,Male,Urban,High School,100jt-200jt,1,4,818640,More than 1,Silver
320,Female,Urban,High School,35jt-100jt,1,6,1180800,More than 1,Platinum
321,Male,Urban,Bachelor,100jt-200jt,1,5,571500,1,Gold
322,Female,Urban,High School,35jt-100jt,1,6,1226880,1,Platinum
323,Female,Urban,Bachelor,35jt-100jt,0,7,525420,More than 1,Silver
324,Female,Urban,Bachelor,100jt-200jt,1,6,0,1,Silver
325,Male,Rural,Others,100jt-200jt,0,2,0,More than 1,Gold
326,Female,Urban,Bachelor,100jt-200jt,1,1,362340,1,Gold
327,Male,Urban,High School,>200jt,0,4,461160,More than 1,Platinum
328,Female,Rural,Bachelor,>200jt,0,8,0,1,Platinum
329,Male,Urban,Bachelor,35jt-100jt,0,6,0,1,Silver
330,Female,Urban,Bachelor,35jt-100jt,1,5,1343160,More than 1,Gold
331,Female,Urban,High School,100jt-200jt,0,1,1054800,1,Silver
332,Female,Urban,Bachelor,100jt-200jt,0,5,2971980,More than 1,Platinum
333,Female,Urban,High School,100jt-200jt,1,6,491580,1,Silver
334,Female,Urban,Bachelor,>200jt,1,6,0,More than 1,Platinum
335,Female,Rural,High School,100jt-200jt,1,4,484380,1,Platinum
336,Female,Rural,High School,100jt-200jt,0,0,0,1,Platinum
337,Female,Urban,Others,100jt-200jt,1,3,912060,1,Platinum
338,Male,Urban,High School,100jt-200jt,1,4,948060,1,Gold
339,Female,Urban,High School,100jt-200jt,0,5,1886760,More than 1,Platinum
340,Male,Urban,Bachelor,100jt-200jt,1,7,739980,More than 1,Platinum
341,Female,Urban,Bachelor,100jt-200jt,0,2,1037160,More than 1,Platinum
342,Male,Rural,High School,100jt-200jt,1,0,592200,1,Silver
343,Female,Urban,Bachelor,35jt-100jt,0,8,0,1,Platinum
344,Male,Rural,High School,>200jt,0,7,642780,More than 1,Gold
345,Female,Urban,High School,35jt-100jt,0,7,1225620,More than 1,Platinum
346,Female,Rural,High School,100jt-200jt,0,7,405720,More than 1,Silver
347,Female,Urban,High School,100jt-200jt,0,3,1205280,1,Platinum
348,Female,Urban,High School,100jt-200jt,0,6,1133100,1,Silver
349,Male,Urban,Bachelor,100jt-200jt,1,6,0,1,Platinum
350,Male,Urban,Bachelor,100jt-200jt,1,1,649260,More than 1,Platinum
351,Male,Rural,High School,>200jt,0,6,524880,More than 1,Silver
352,Male,Urban,High School,35jt-100jt,1,5,743760,More than 1,Silver
353,Male,Rural,High School,100jt-200jt,0,1,595980,1,Platinum
354,Female,Urban,Bachelor,35jt-100jt,1,1,901980,More than 1,Platinum
355,Male,Urban,Bachelor,100jt-200jt,1,0,1029960,1,Silver
356,Male,Urban,Bachelor,100jt-200jt,0,8,756000,More than 1,Platinum
357,Female,Rural,High School,>200jt,0,5,0,More than 1,Platinum
358,Male,Urban,High School,35jt-100jt,1,3,975420,More than 1,Silver
359,Female,Urban,High School,100jt-200jt,1,7,549180,More than 1,Gold
360,Male,Rural,Bachelor,100jt-200jt,1,0,0,More than 1,Silver
361,Male,Urban,High School,100jt-200jt,0,7,1813860,More than 1,Silver
362,Male,Rural,Bachelor,100jt-200jt,1,4,518400,More than 1,Silver
363,Female,Rural,Bachelor,>200jt,0,4,0,1,Platinum
364,Female,Rural,High School,100jt-200jt,1,7,472140,More than 1,Platinum
365,Male,Urban,High School,100jt-200jt,1,6,1145160,1,Gold
366,Male,Urban,High School,100jt-200jt,1,8,694800,1,Silver
367,Male,Urban,Bachelor,100jt-200jt,0,7,667980,More than 1,Silver
368,Male,Urban,High School,35jt-100jt,1,2,972720,More than 1,Gold
369,Male,Urban,Bachelor,100jt-200jt,0,0,884340,More than 1,Platinum
370,Male,Urban,Bachelor,100jt-200jt,1,4,1280880,More than 1,Platinum
371,Female,Urban,High School,100jt-200jt,0,8,1242900,More than 1,Gold
372,Male,Urban,High School,35jt-100jt,0,7,1054620,1,Platinum
373,Male,Rural,Bachelor,100jt-200jt,0,2,737100,More than 1,Silver
374,Male,Rural,Bachelor,>200jt,1,2,0,1,Silver
375,Female,Urban,High School,>200jt,0,8,1057680,More than 1,Gold
376,Male,Urban,Bachelor,35jt-100jt,0,4,1059300,More than 1,Platinum
377,Male,Urban,High School,<35jt,0,7,923220,More than 1,Platinum
378,Male,Urban,Bachelor,>200jt,1,6,818640,1,Platinum
379,Male,Urban,High School,100jt-200jt,1,8,1132560,More than 1,Platinum
380,Female,Rural,High School,>200jt,0,8,0,More than 1,Silver
381,Female,Rural,High School,100jt-200jt,1,6,0,More than 1,Gold
382,Male,Urban,High School,100jt-200jt,1,4,0,1,Platinum
383,Male,Urban,Bachelor,35jt-100jt,1,4,584100,More than 1,Platinum
384,Male,Urban,Bachelor,35jt-100jt,1,5,1199160,1,Silver
385,Female,Urban,High School,35jt-100jt,0,2,0,1,Platinum
386,Male,Rural,Others,100jt-200jt,1,4,576000,1,Platinum
387,Female,Urban,High School,35jt-100jt,1,5,1389420,More than 1,Platinum
388,Female,Urban,High School,100jt-200jt,0,1,1486980,1,Platinum
389,Female,Rural,High School,100jt-200jt,1,5,0,More than 1,Silver
390,Female,Rural,Others,100jt-200jt,0,2,1131120,1,Silver
391,Male,Urban,Bachelor,100jt-200jt,1,5,408780,1,Gold
392,Male,Urban,Bachelor,35jt-100jt,0,2,2313720,More than 1,Platinum
393,Female,Rural,High School,100jt-200jt,1,5,0,More than 1,Platinum
394,Male,Rural,Bachelor,100jt-200jt,1,4,0,More than 1,Platinum
395,Male,Urban,High School,100jt-200jt,1,5,1103940,More than 1,Platinum
396,Female,Urban,High School,>200jt,1,3,1256940,More than 1,Platinum
397,Male,Urban,Bachelor,35jt-100jt,0,7,0,1,Platinum
398,Female,Urban,High School,100jt-200jt,1,6,0,More than 1,Silver
399,Female,Rural,High School,100jt-200jt,1,1,696240,More than 1,Silver
400,Male,Urban,Bachelor,100jt-200jt,0,1,452520,More than 1,Silver
401,Female,Rural,Bachelor,>200jt,1,6,384840,More than 1,Silver
402,Female,Rural,Bachelor,100jt-200jt,1,3,0,1,Platinum
403,Male,Rural,Bachelor,100jt-200jt,0,6,1207440,More than 1,Gold
404,Male,Urban,Bachelor,100jt-200jt,1,3,548280,More than 1,Platinum
405,Female,Urban,High School,100jt-200jt,0,0,1069920,More than 1,Platinum
406,Male,Urban,Others,100jt-200jt,1,2,918720,1,Platinum
407,Female,Rural,Bachelor,100jt-200jt,0,6,507960,More than 1,Platinum
408,Male,Rural,Bachelor,100jt-200jt,1,7,0,More than 1,Silver
409,Male,Rural,High School,>200jt,0,2,827460,More than 1,Silver
410,Female,Urban,Bachelor,>200jt,1,4,1090980,1,Platinum
411,Female,Rural,High School,100jt-200jt,1,7,385380,More than 1,Silver
412,Male,Urban,Bachelor,100jt-200jt,1,6,1970640,More than 1,Silver
413,Female,Urban,High School,100jt-200jt,1,8,426060,More than 1,Platinum
414,Female,Urban,High School,100jt-200jt,0,1,414900,More than 1,Platinum
415,Female,Urban,Bachelor,35jt-100jt,0,4,1677780,1,Gold
416,Female,Rural,High School,>200jt,0,1,0,1,Silver
417,Male,Rural,High School,100jt-200jt,1,8,705600,1,Platinum
418,Male,Rural,Bachelor,100jt-200jt,0,8,477000,More than 1,Gold
419,Male,Urban,High School,35jt-100jt,1,2,977400,More than 1,Gold
420,Female,Urban,Bachelor,100jt-200jt,1,6,0,1,Platinum
421,Female,Urban,High School,100jt-200jt,1,6,1115280,1,Platinum
422,Male,Urban,Bachelor,100jt-200jt,1,6,0,More than 1,Platinum
423,Male,Urban,Bachelor,100jt-200jt,1,8,537840,More than 1,Platinum
424,Female,Urban,High School,100jt-200jt,0,7,1015560,1,Platinum
425,Male,Rural,Bachelor,100jt-200jt,1,3,0,1,Platinum
426,Male,Rural,Bachelor,100jt-200jt,1,2,0,1,Silver
427,Male,Urban,High School,>200jt,1,6,1200240,1,Gold
428,Male,Urban,Bachelor,>200jt,1,5,683820,1,Silver
429,Male,Urban,Others,100jt-200jt,0,4,939780,1,Gold
430,Male,Urban,Bachelor,35jt-100jt,0,6,986760,More than 1,Platinum
431,Female,Urban,High School,100jt-200jt,0,2,1609020,More than 1,Silver
432,Female,Urban,Bachelor,35jt-100jt,0,2,1146780,More than 1,Platinum
433,Female,Urban,Others,100jt-200jt,1,3,1104660,More than 1,Platinum
434,Male,Rural,High School,100jt-200jt,0,8,456660,More than 1,Gold
435,Female,Urban,High School,100jt-200jt,0,6,0,More than 1,Platinum
436,Female,Rural,High School,>200jt,0,6,0,1,Platinum
437,Male,Urban,Bachelor,100jt-200jt,0,0,957780,1,Silver
438,Male,Urban,High School,100jt-200jt,1,0,0,More than 1,Platinum
439,Female,Urban,Bachelor,100jt-200jt,1,8,826740,1,Gold
440,Female,Urban,High School,>200jt,0,5,1348020,More than 1,Gold
441,Male,Urban,High School,100jt-200jt,1,0,0,1,Gold
442,Female,Urban,High School,35jt-100jt,1,8,450180,More than 1,Silver
443,Female,Rural,High School,100jt-200jt,1,4,772020,1,Platinum
444,Female,Urban,High School,100jt-200jt,0,3,1193940,More than 1,Platinum
445,Male,Urban,Bachelor,100jt-200jt,0,7,0,More than 1,Silver
446,Male,Urban,High School,100jt-200jt,1,6,3162780,1,Platinum
447,Male,Urban,High School,100jt-200jt,1,4,783180,1,Platinum
448,Female,Urban,High School,<35jt,0,7,1021860,1,Platinum
449,Male,Urban,Bachelor,>200jt,0,4,1097100,More than 1,Platinum
450,Male,Rural,Bachelor,>200jt,0,6,369900,More than 1,Platinum
451,Male,Urban,High School,35jt-100jt,1,7,875520,More than 1,Silver
452,Male,Urban,High School,100jt-200jt,1,5,589140,More than 1,Platinum
453,Female,Rural,High School,100jt-200jt,1,3,376200,1,Platinum
454,Female,Rural,Others,35jt-100jt,1,2,0,More than 1,Silver
455,Male,Urban,High School,100jt-200jt,1,2,1066500,More than 1,Platinum
456,Male,Rural,High School,>200jt,1,5,1333620,More than 1,Platinum
457,Male,Urban,High School,100jt-200jt,0,8,0,1,Silver
458,Male,Urban,High School,100jt-200jt,1,6,1221300,1,Silver
459,Male,Urban,Others,100jt-200jt,1,2,651060,1,Platinum
460,Male,Urban,Bachelor,35jt-100jt,1,6,0,More than 1,Platinum
461,Male,Urban,High School,100jt-200jt,0,8,751140,More than 1,Gold
462,Male,Urban,Bachelor,>200jt,1,0,748620,More than 1,Silver
463,Female,Urban,High School,100jt-200jt,1,7,1066500,More than 1,Platinum
464,Male,Urban,Others,35jt-100jt,0,4,1375380,More than 1,Platinum
465,Female,Rural,High School,35jt-100jt,1,5,0,1,Platinum
466,Male,Urban,Bachelor,35jt-100jt,1,0,773280,1,Silver
467,Female,Urban,Bachelor,100jt-200jt,1,1,1100700,1,Gold
468,Male,Rural,High School,>200jt,1,6,603540,More than 1,Gold
469,Male,Urban,High School,100jt-200jt,1,4,0,1,Platinum
470,Male,Urban,High School,35jt-100jt,1,4,913680,More than 1,Gold
471,Female,Urban,Bachelor,35jt-100jt,1,6,1024200,1,Gold
472,Female,Urban,Bachelor,100jt-200jt,1,5,675180,1,Gold
473,Male,Urban,Others,100jt-200jt,0,6,680580,More than 1,Platinum
474,Male,Urban,Bachelor,100jt-200jt,0,7,0,1,Silver
475,Female,Rural,High School,>200jt,0,6,491400,1,Platinum
476,Female,Rural,High School,100jt-200jt,1,2,417780,More than 1,Platinum
477,Female,Urban,High School,<35jt,0,6,675180,More than 1,Platinum
478,Male,Urban,Bachelor,>200jt,0,4,1355940,More than 1,Gold
479,Male,Urban,Bachelor,100jt-200jt,0,2,502020,More than 1,Platinum
480,Male,Rural,Bachelor,>200jt,1,6,0,More than 1,Platinum
481,Male,Urban,Bachelor,35jt-100jt,1,0,1616040,More than 1,Platinum
482,Male,Rural,Bachelor,100jt-200jt,1,6,0,More than 1,Platinum
483,Male,Urban,High School,35jt-100jt,0,5,1834560,More than 1,Platinum
484,Female,Urban,Bachelor,>200jt,1,4,1001700,More than 1,Platinum
485,Female,Urban,High School,100jt-200jt,0,2,1181160,More than 1,Gold
486,Male,Rural,Bachelor,100jt-200jt,1,4,765360,1,Platinum
487,Male,Urban,Bachelor,100jt-200jt,1,7,790020,More than 1,Platinum
488,Female,Rural,High School,35jt-100jt,1,2,375480,More than 1,Platinum
489,Female,Urban,High School,100jt-200jt,0,7,1402020,More than 1,Platinum
490,Female,Urban,Bachelor,100jt-200jt,1,8,787680,1,Silver
491,Female,Urban,High School,100jt-200jt,1,5,1539000,More than 1,Platinum
492,Female,Rural,High School,>200jt,1,2,0,1,Platinum
493,Male,Rural,High School,>200jt,0,7,540540,More than 1,Platinum
494,Female,Urban,Bachelor,100jt-200jt,0,6,629460,1,Gold
495,Male,Urban,Bachelor,100jt-200jt,1,1,1157220,More than 1,Platinum
496,Female,Urban,Others,35jt-100jt,0,2,1015200,More than 1,Platinum
497,Female,Rural,High School,100jt-200jt,0,6,0,1,Gold
498,Female,Urban,High School,100jt-200jt,1,8,692100,More than 1,Gold
499,Male,Urban,Bachelor,100jt-200jt,0,3,696960,More than 1,Platinum
500,Male,Urban,High School,35jt-100jt,1,6,1075500,More than 1,Platinum
501,Female,Urban,High School,35jt-100jt,1,3,1393560,More than 1,Silver
502,Male,Urban,High School,100jt-200jt,0,7,884880,1,Platinum
503,Male,Rural,Bachelor,35jt-100jt,0,5,1129320,More than 1,Platinum
504,Male,Urban,Bachelor,35jt-100jt,1,1,1523160,More than 1,Platinum
505,Female,Rural,High School,100jt-200jt,1,4,0,1,Platinum
506,Male,Urban,High School,100jt-200jt,1,7,1020420,More than 1,Silver
507,Female,Rural,Bachelor,100jt-200jt,0,7,0,More than 1,Platinum
508,Male,Urban,Bachelor,100jt-200jt,1,1,1134360,1,Platinum
509,Female,Rural,High School,>200jt,1,7,0,More than 1,Platinum
510,Male,Urban,Bachelor,100jt-200jt,1,5,0,1,Platinum
511,Male,Rural,Bachelor,35jt-100jt,1,4,0,More than 1,Platinum
512,Male,Urban,High School,100jt-200jt,1,5,729540,1,Platinum
513,Female,Urban,High School,35jt-100jt,1,7,740880,1,Platinum
514,Female,Urban,Bachelor,100jt-200jt,1,4,703260,1,Silver
515,Male,Urban,Others,35jt-100jt,1,7,0,1,Platinum
516,Female,Urban,High School,100jt-200jt,1,8,1075680,More than 1,Platinum
517,Male,Rural,High School,>200jt,0,5,1050120,More than 1,Silver
518,Male,Urban,Bachelor,100jt-200jt,1,5,1131480,1,Silver
519,Female,Urban,Bachelor,100jt-200jt,1,8,736740,More than 1,Platinum
520,Female,Rural,High School,>200jt,1,7,0,1,Gold
521,Male,Urban,High School,35jt-100jt,0,4,493200,More than 1,Silver
522,Male,Urban,Bachelor,35jt-100jt,1,0,534780,1,Platinum
523,Female,Urban,High School,35jt-100jt,1,1,880920,More than 1,Gold
524,Female,Rural,High School,100jt-200jt,0,7,0,1,Platinum
525,Female,Urban,Bachelor,35jt-100jt,1,1,1242000,1,Gold
526,Female,Rural,Bachelor,100jt-200jt,1,3,1009080,1,Gold
527,Female,Urban,High School,100jt-200jt,0,3,741240,More than 1,Platinum
528,Female,Rural,Others,100jt-200jt,0,8,1342800,More than 1,Platinum
529,Female,Urban,High School,35jt-100jt,1,4,916560,More than 1,Gold
530,Female,Urban,High School,100jt-200jt,0,7,1176840,More than 1,Platinum
531,Male,Urban,High School,35jt-100jt,0,8,600120,More than 1,Silver
532,Female,Rural,Others,35jt-100jt,0,3,0,More than 1,Platinum
533,Female,Urban,High School,<35jt,1,6,688500,More than 1,Silver
534,Female,Urban,High School,100jt-200jt,0,6,0,1,Platinum
535,Female,Rural,Bachelor,100jt-200jt,1,7,0,1,Gold
536,Male,Urban,High School,35jt-100jt,0,4,1081440,More than 1,Gold
537,Male,Urban,Bachelor,100jt-200jt,1,8,667260,More than 1,Platinum
538,Male,Rural,Others,100jt-200jt,1,3,0,More than 1,Platinum
539,Male,Urban,High School,100jt-200jt,0,6,757080,More than 1,Platinum
540,Male,Urban,High School,100jt-200jt,0,7,707580,More than 1,Platinum
541,Female,Urban,High School,100jt-200jt,1,0,1024020,1,Silver
542,Male,Urban,High School,100jt-200jt,0,6,589140,1,Gold
543,Female,Urban,Bachelor,35jt-100jt,0,2,1207440,More than 1,Platinum
544,Male,Urban,Bachelor,100jt-200jt,0,6,706680,1,Gold
545,Female,Urban,Bachelor,100jt-200jt,1,7,1103580,More than 1,Platinum
546,Female,Urban,High School,100jt-200jt,1,4,0,1,Gold
547,Male,Urban,Bachelor,35jt-100jt,1,3,1162440,More than 1,Platinum
548,Male,Urban,High School,100jt-200jt,1,2,495180,1,Silver
549,Male,Rural,High School,100jt-200jt,1,6,469080,More than 1,Silver
550,Male,Urban,Bachelor,>200jt,0,0,984600,More than 1,Platinum
551,Female,Rural,High School,100jt-200jt,0,7,0,More than 1,Platinum
552,Male,Urban,High School,>200jt,0,6,3127320,More than 1,Platinum
553,Female,Urban,High School,100jt-200jt,1,4,1203660,1,Platinum
554,Male,Urban,High School,100jt-200jt,0,8,406080,More than 1,Platinum
555,Male,Rural,High School,100jt-200jt,1,8,0,More than 1,Gold
556,Female,Urban,High School,100jt-200jt,0,8,774540,More than 1,Silver
557,Male,Urban,High School,100jt-200jt,0,3,764100,More than 1,Platinum
558,Male,Urban,Bachelor,35jt-100jt,1,2,2660760,1,Platinum
559,Female,Urban,High School,35jt-100jt,1,5,1109160,More than 1,Silver
560,Male,Urban,High School,35jt-100jt,0,3,1027080,More than 1,Platinum
561,Female,Urban,High School,100jt-200jt,0,6,1953720,More than 1,Silver
562,Female,Rural,High School,100jt-200jt,1,4,0,1,Gold
563,Male,Rural,High School,100jt-200jt,1,6,0,1,Platinum
564,Female,Rural,High School,100jt-200jt,1,5,0,More than 1,Gold
565,Male,Rural,Bachelor,100jt-200jt,0,8,1155600,More than 1,Platinum
566,Male,Urban,Bachelor,35jt-100jt,1,5,1142100,More than 1,Silver
567,Male,Urban,Bachelor,100jt-200jt,1,6,647640,More than 1,Platinum
568,Male,Urban,High School,35jt-100jt,1,8,1074600,More than 1,Platinum
569,Female,Rural,Bachelor,100jt-200jt,1,5,0,More than 1,Gold
570,Female,Urban,High School,35jt-100jt,1,2,716760,1,Platinum
571,Female,Urban,High School,>200jt,0,5,1504980,1,Platinum
572,Male,Urban,High School,100jt-200jt,1,7,525780,1,Gold
573,Male,Rural,High School,100jt-200jt,1,7,506700,More than 1,Platinum
574,Male,Rural,Bachelor,100jt-200jt,0,1,457920,More than 1,Platinum
575,Female,Urban,High School,100jt-200jt,0,4,887400,More than 1,Platinum
576,Female,Urban,Bachelor,35jt-100jt,1,8,707760,More than 1,Platinum
577,Female,Rural,High School,100jt-200jt,0,3,508500,1,Gold
578,Male,Urban,High School,<35jt,1,7,1330200,1,Platinum
579,Male,Rural,High School,100jt-200jt,0,2,1607580,More than 1,Platinum
580,Male,Urban,Bachelor,100jt-200jt,1,8,1059120,More than 1,Gold
581,Female,Rural,Others,100jt-200jt,0,3,0,More than 1,Silver
582,Male,Urban,High School,35jt-100jt,1,7,1493820,More than 1,Platinum
583,Female,Urban,High School,100jt-200jt,0,6,528300,1,Silver
584,Male,Rural,High School,>200jt,0,3,781920,More than 1,Silver
585,Female,Rural,Bachelor,100jt-200jt,1,6,0,1,Platinum
586,Male,Rural,High School,100jt-200jt,0,8,653940,1,Gold
587,Male,Rural,Bachelor,100jt-200jt,0,6,0,More than 1,Gold
588,Male,Rural,Bachelor,>200jt,1,1,0,1,Platinum
589,Male,Rural,High School,100jt-200jt,1,2,0,1,Platinum
590,Female,Rural,High School,100jt-200jt,1,3,0,1,Silver
591,Male,Urban,Bachelor,100jt-200jt,1,2,1108080,More than 1,Silver
592,Female,Rural,High School,100jt-200jt,1,0,0,1,Gold
593,Female,Urban,High School,100jt-200jt,0,1,1060200,More than 1,Gold
594,Female,Urban,High School,100jt-200jt,1,6,705960,More than 1,Platinum
595,Male,Urban,Bachelor,100jt-200jt,1,8,785340,More than 1,Gold
596,Male,Rural,Bachelor,100jt-200jt,1,6,538560,1,Gold
597,Male,Urban,High School,35jt-100jt,0,1,1231020,More than 1,Platinum
598,Female,Rural,Bachelor,>200jt,0,2,0,1,Platinum
599,Female,Urban,High School,>200jt,0,4,1794060,More than 1,Platinum
600,Male,Urban,Bachelor,100jt-200jt,0,7,1940940,1,Platinum
601,Male,Rural,High School,100jt-200jt,1,4,551160,More than 1,Silver
602,Female,Rural,High School,>200jt,1,0,361620,More than 1,Platinum
603,Female,Rural,High School,>200jt,1,2,0,1,Gold
604,Male,Urban,Bachelor,35jt-100jt,1,7,1151640,1,Platinum
605,Female,Rural,Bachelor,100jt-200jt,1,8,0,More than 1,Platinum
606,Male,Urban,High School,>200jt,1,4,874980,More than 1,Gold
607,Female,Urban,Bachelor,100jt-200jt,0,8,2010420,More than 1,Platinum
608,Female,Urban,High School,100jt-200jt,0,4,732600,More than 1,Platinum
609,Male,Urban,High School,35jt-100jt,1,2,507420,More than 1,Silver
610,Male,Rural,Bachelor,100jt-200jt,1,0,0,More than 1,Silver
611,Female,Urban,Bachelor,100jt-200jt,0,5,769680,More than 1,Platinum
612,Male,Urban,Bachelor,35jt-100jt,1,5,377460,More than 1,Platinum
613,Male,Rural,High School,>200jt,1,7,458100,More than 1,Platinum
614,Female,Urban,Bachelor,35jt-100jt,0,7,0,1,Silver
615,Male,Urban,Bachelor,35jt-100jt,0,5,1160820,More than 1,Platinum
616,Female,Urban,Others,<35jt,1,1,1216800,More than 1,Platinum
617,Male,Urban,High School,100jt-200jt,1,1,1488240,More than 1,Gold
618,Female,Rural,High School,>200jt,0,7,0,More than 1,Silver
619,Male,Urban,High School,35jt-100jt,0,4,1157220,1,Silver
620,Male,Rural,Bachelor,>200jt,1,5,469980,1,Silver
621,Male,Urban,Bachelor,35jt-100jt,1,6,570060,More than 1,Silver
622,Female,Urban,High School,100jt-200jt,1,1,996300,1,Platinum
623,Male,Urban,High School,100jt-200jt,1,7,1414800,More than 1,Silver
624,Female,Rural,High School,100jt-200jt,1,2,0,1,Platinum
625,Male,Urban,Bachelor,100jt-200jt,1,7,1101600,More than 1,Platinum
626,Male,Urban,High School,>200jt,1,6,1240020,More than 1,Platinum
627,Female,Rural,High School,35jt-100jt,0,6,0,More than 1,Silver
628,Male,Urban,Bachelor,100jt-200jt,1,7,590580,1,Platinum
629,Male,Urban,High School,100jt-200jt,1,2,0,More than 1,Silver
630,Female,Urban,High School,35jt-100jt,0,1,1125720,1,Platinum
631,Female,Urban,High School,35jt-100jt,1,6,584640,More than 1,Platinum
632,Male,Rural,Bachelor,100jt-200jt,0,3,788580,More than 1,Silver
633,Male,Rural,Bachelor,100jt-200jt,1,2,467100,1,Platinum
634,Male,Urban,Bachelor,100jt-200jt,0,4,1010340,More than 1,Platinum
635,Male,Urban,Bachelor,100jt-200jt,0,6,1319580,More than 1,Silver
636,Female,Urban,High School,<35jt,0,5,2157840,1,Gold
637,Male,Rural,High School,100jt-200jt,0,6,0,More than 1,Platinum
638,Female,Urban,Bachelor,>200jt,1,6,805140,More than 1,Platinum
639,Male,Urban,Bachelor,>200jt,1,6,1132380,More than 1,Silver
640,Female,Urban,High School,100jt-200jt,1,6,0,1,Platinum
641,Female,Urban,High School,100jt-200jt,0,6,1060020,More than 1,Platinum
642,Female,Urban,Bachelor,100jt-200jt,1,5,1269000,More than 1,Platinum
643,Male,Urban,High School,100jt-200jt,1,7,1093680,More than 1,Gold
644,Female,Urban,High School,35jt-100jt,1,6,896040,More than 1,Platinum
645,Male,Urban,High School,<35jt,1,7,1366380,More than 1,Silver
646,Male,Rural,Bachelor,>200jt,0,3,511920,More than 1,Gold
647,Female,Urban,High School,100jt-200jt,0,4,898560,More than 1,Gold
648,Male,Urban,Bachelor,100jt-200jt,0,6,2360700,More than 1,Platinum
649,Male,Urban,High School,100jt-200jt,1,2,1896300,1,Silver
650,Female,Urban,Bachelor,100jt-200jt,1,2,714960,1,Gold
651,Female,Urban,High School,>200jt,0,8,406800,More than 1,Gold
652,Female,Urban,High School,<35jt,1,6,929880,More than 1,Platinum
653,Male,Urban,High School,35jt-100jt,1,2,685080,More than 1,Gold
654,Male,Urban,Bachelor,35jt-100jt,0,6,939420,More than 1,Silver
655,Male,Urban,Bachelor,100jt-200jt,0,5,544500,More than 1,Platinum
656,Male,Rural,Bachelor,100jt-200jt,1,7,535320,1,Platinum
657,Male,Urban,High School,100jt-200jt,0,5,397800,1,Platinum
658,Male,Urban,High School,100jt-200jt,0,8,768600,More than 1,Gold
659,Male,Rural,High School,100jt-200jt,0,2,678780,More than 1,Gold
660,Female,Rural,Bachelor,100jt-200jt,0,8,1504260,1,Gold
661,Male,Urban,High School,>200jt,1,4,1076040,1,Platinum
662,Male,Urban,High School,100jt-200jt,0,5,952020,More than 1,Silver
663,Male,Urban,Bachelor,100jt-200jt,1,1,544320,More than 1,Platinum
664,Male,Rural,Bachelor,100jt-200jt,1,5,0,More than 1,Platinum
665,Male,Rural,Bachelor,100jt-200jt,0,7,0,More than 1,Gold
666,Male,Rural,High School,>200jt,1,5,0,1,Platinum
667,Female,Urban,Bachelor,100jt-200jt,1,6,0,More than 1,Gold
668,Female,Rural,High School,100jt-200jt,1,2,404100,1,Silver
669,Female,Rural,High School,35jt-100jt,0,1,942660,More than 1,Platinum
670,Female,Urban,Bachelor,100jt-200jt,0,7,0,More than 1,Silver
671,Male,Urban,High School,>200jt,1,4,1154160,1,Platinum
672,Male,Urban,Bachelor,100jt-200jt,1,7,1249020,1,Gold
673,Male,Urban,Bachelor,>200jt,1,8,689040,More than 1,Platinum
674,Female,Urban,Bachelor,100jt-200jt,1,5,736020,More than 1,Platinum
675,Female,Urban,High School,>200jt,1,7,0,More than 1,Platinum
676,Female,Urban,High School,100jt-200jt,0,7,0,1,Platinum
677,Male,Urban,High School,100jt-200jt,1,1,1241460,More than 1,Platinum
678,Female,Urban,Bachelor,100jt-200jt,1,6,1755360,More than 1,Silver
679,Female,Urban,High School,35jt-100jt,0,6,1468620,More than 1,Gold
680,Male,Urban,Bachelor,100jt-200jt,0,1,1326780,1,Silver
681,Female,Urban,High School,100jt-200jt,1,5,761040,More than 1,Platinum
682,Male,Urban,Bachelor,100jt-200jt,1,7,0,1,Platinum
683,Male,Urban,High School,100jt-200jt,1,6,781380,1,Silver
684,Male,Urban,Bachelor,100jt-200jt,1,7,790380,More than 1,Platinum
685,Male,Urban,Bachelor,35jt-100jt,1,5,409680,More than 1,Platinum
686,Male,Urban,High School,35jt-100jt,1,2,1193220,More than 1,Gold
687,Female,Rural,High School,>200jt,1,8,426240,1,Silver
688,Female,Rural,Bachelor,35jt-100jt,0,6,0,1,Gold
689,Male,Rural,Bachelor,100jt-200jt,1,4,628200,More than 1,Gold
690,Female,Rural,High School,100jt-200jt,1,7,0,More than 1,Silver
691,Male,Urban,Bachelor,35jt-100jt,1,8,1567260,1,Gold
692,Female,Rural,Bachelor,100jt-200jt,0,6,0,1,Silver
693,Male,Urban,Bachelor,>200jt,0,7,1045080,More than 1,Gold
694,Female,Rural,High School,100jt-200jt,0,7,822240,1,Silver
695,Male,Urban,Bachelor,100jt-200jt,0,6,597420,More than 1,Silver
696,Female,Urban,Bachelor,35jt-100jt,0,0,578520,1,Gold
697,Male,Urban,High School,35jt-100jt,1,7,1789740,More than 1,Gold
698,Male,Urban,High School,100jt-200jt,0,6,2442240,More than 1,Gold
699,Male,Urban,Others,>200jt,0,0,1057680,1,Gold
700,Male,Urban,Bachelor,35jt-100jt,1,1,1377540,More than 1,Gold
701,Female,Urban,Bachelor,35jt-100jt,0,4,833760,1,Platinum
702,Female,Rural,High School,>200jt,1,4,0,More than 1,Platinum
703,Female,Rural,Bachelor,100jt-200jt,0,7,1013760,1,Platinum
704,Male,Urban,High School,100jt-200jt,1,0,420480,More than 1,Platinum
705,Male,Urban,Others,100jt-200jt,1,6,1203840,More than 1,Gold
706,Female,Urban,Bachelor,100jt-200jt,1,4,0,More than 1,Platinum
707,Male,Urban,High School,100jt-200jt,1,5,1791000,1,Platinum
708,Female,Urban,Bachelor,35jt-100jt,0,8,1809360,More than 1,Platinum
709,Male,Rural,High School,100jt-200jt,0,5,0,1,Silver
710,Female,Urban,Bachelor,<35jt,1,6,733320,More than 1,Platinum
711,Male,Rural,High School,100jt-200jt,1,7,0,1,Platinum
712,Male,Rural,Bachelor,>200jt,1,2,565920,More than 1,Gold
713,Male,Urban,Bachelor,35jt-100jt,0,2,1110780,More than 1,Silver
714,Male,Urban,Others,100jt-200jt,1,4,0,1,Gold
715,Male,Rural,Bachelor,100jt-200jt,0,7,0,1,Gold
716,Female,Urban,High School,100jt-200jt,1,5,673200,More than 1,Platinum
717,Female,Urban,High School,35jt-100jt,0,3,1114200,More than 1,Platinum
718,Male,Rural,Bachelor,100jt-200jt,1,5,0,More than 1,Gold
719,Male,Urban,High School,35jt-100jt,1,8,1025100,1,Silver
720,Female,Urban,High School,35jt-100jt,1,5,0,More than 1,Platinum
721,Male,Urban,Bachelor,35jt-100jt,0,7,1914300,More than 1,Silver
722,Female,Urban,Bachelor,100jt-200jt,1,2,727740,1,Silver
723,Male,Urban,Bachelor,100jt-200jt,1,2,503280,More than 1,Silver
724,Male,Rural,Bachelor,100jt-200jt,1,1,0,1,Silver
725,Male,Urban,Bachelor,100jt-200jt,0,3,1292040,More than 1,Gold
726,Male,Urban,Bachelor,>200jt,1,1,894960,More than 1,Gold
727,Male,Rural,Bachelor,>200jt,0,1,518400,More than 1,Gold
728,Female,Urban,High School,100jt-200jt,1,2,1929240,1,Platinum
729,Female,Urban,Bachelor,>200jt,0,2,1051380,More than 1,Silver
730,Female,Rural,Bachelor,100jt-200jt,1,7,0,More than 1,Gold
731,Female,Rural,High School,>200jt,1,6,0,More than 1,Platinum
732,Female,Urban,Bachelor,35jt-100jt,0,6,0,1,Silver
733,Male,Urban,Bachelor,35jt-100jt,0,5,540540,1,Silver
734,Male,Rural,Bachelor,100jt-200jt,1,5,0,1,Platinum
735,Female,Rural,Bachelor,>200jt,0,2,369900,1,Silver
736,Male,Urban,Bachelor,>200jt,1,3,539640,More than 1,Silver
737,Female,Rural,High School,100jt-200jt,1,5,678420,1,Gold
738,Female,Urban,High School,35jt-100jt,0,1,2749680,More than 1,Platinum
739,Male,Urban,High School,35jt-100jt,0,6,640080,More than 1,Platinum
740,Female,Urban,High School,100jt-200jt,0,5,651420,1,Gold
741,Male,Rural,High School,35jt-100jt,0,1,2505780,More than 1,Gold
742,Male,Rural,Bachelor,100jt-200jt,0,5,1090440,1,Silver
743,Female,Urban,Bachelor,100jt-200jt,1,4,0,More than 1,Platinum
744,Female,Urban,High School,>200jt,0,6,931320,More than 1,Platinum
745,Male,Urban,Bachelor,100jt-200jt,1,5,1177740,More than 1,Platinum
746,Female,Urban,High School,<35jt,1,5,0,1,Platinum
747,Female,Rural,Bachelor,>200jt,0,3,0,More than 1,Platinum
748,Male,Urban,Bachelor,35jt-100jt,1,1,746280,More than 1,Silver
749,Male,Urban,High School,100jt-200jt,1,6,943740,More than 1,Gold
750,Male,Urban,Bachelor,>200jt,1,1,518760,More than 1,Silver
751,Female,Urban,High School,100jt-200jt,0,6,1291140,More than 1,Silver
752,Male,Urban,Bachelor,100jt-200jt,1,6,1170900,More than 1,Platinum
753,Male,Rural,Bachelor,100jt-200jt,0,5,976680,More than 1,Platinum
754,Male,Urban,Bachelor,35jt-100jt,0,2,1041120,More than 1,Gold
755,Female,Urban,Bachelor,35jt-100jt,0,6,1312200,More than 1,Platinum
756,Male,Urban,High School,100jt-200jt,1,2,1380780,More than 1,Gold
757,Male,Urban,Bachelor,100jt-200jt,0,6,730980,More than 1,Platinum
758,Female,Rural,High School,>200jt,0,1,368640,1,Gold
759,Male,Urban,High School,100jt-200jt,1,7,1005660,1,Platinum
760,Female,Urban,High School,35jt-100jt,0,5,1149300,More than 1,Silver
761,Female,Rural,High School,100jt-200jt,0,7,0,1,Platinum
762,Male,Urban,High School,>200jt,1,4,1183680,1,Platinum
763,Male,Rural,Bachelor,100jt-200jt,1,5,603360,1,Platinum
764,Male,Urban,High School,100jt-200jt,0,5,707220,1,Platinum
765,Female,Urban,High School,100jt-200jt,0,5,1282860,1,Silver
766,Male,Urban,Bachelor,100jt-200jt,1,8,721260,More than 1,Gold
767,Female,Urban,High School,100jt-200jt,1,5,1029600,1,Platinum
768,Female,Rural,High School,>200jt,1,7,0,More than 1,Gold
769,Female,Urban,Bachelor,100jt-200jt,1,5,554400,1,Silver
770,Female,Urban,Bachelor,100jt-200jt,0,2,375840,More than 1,Platinum
771,Male,Urban,High School,35jt-100jt,1,5,919800,More than 1,Platinum
772,Male,Urban,Bachelor,>200jt,1,1,774900,More than 1,Gold
773,Male,Urban,High School,>200jt,0,7,1164960,1,Silver
774,Female,Urban,High School,>200jt,1,6,819900,More than 1,Platinum
775,Male,Urban,Bachelor,100jt-200jt,0,4,2757780,More than 1,Silver
776,Male,Rural,Bachelor,100jt-200jt,1,7,875340,More than 1,Silver
777,Female,Rural,High School,100jt-200jt,0,6,0,More than 1,Silver
778,Male,Urban,Bachelor,100jt-200jt,0,6,672660,More than 1,Silver
779,Female,Urban,Others,35jt-100jt,0,6,948420,More than 1,Gold
780,Female,Rural,Bachelor,>200jt,0,5,0,1,Platinum
781,Male,Rural,High School,100jt-200jt,1,6,0,1,Platinum
782,Female,Rural,Bachelor,35jt-100jt,1,4,0,1,Silver
783,Male,Urban,High School,100jt-200jt,1,5,1215180,1,Platinum
784,Female,Rural,Bachelor,100jt-200jt,0,7,1987560,More than 1,Platinum
785,Female,Urban,High School,100jt-200jt,0,0,1029240,More than 1,Platinum
786,Male,Urban,High School,100jt-200jt,0,3,1598400,More than 1,Platinum
787,Male,Urban,High School,35jt-100jt,1,3,1163880,More than 1,Gold
788,Female,Urban,Bachelor,100jt-200jt,0,8,0,1,Silver
789,Female,Urban,High School,100jt-200jt,1,5,793440,More than 1,Silver
790,Male,Urban,High School,35jt-100jt,0,8,927000,More than 1,Platinum
791,Male,Rural,High School,100jt-200jt,1,4,577080,1,Platinum
792,Male,Urban,High School,100jt-200jt,1,8,0,More than 1,Platinum
793,Female,Urban,High School,35jt-100jt,0,4,1078560,1,Silver
794,Male,Urban,Bachelor,100jt-200jt,0,5,0,1,Platinum
795,Male,Rural,High School,35jt-100jt,0,2,0,1,Silver
796,Female,Rural,High School,100jt-200jt,0,0,2372400,1,Platinum
797,Female,Urban,Bachelor,100jt-200jt,0,7,767520,More than 1,Platinum
798,Female,Rural,Bachelor,>200jt,0,6,680220,More than 1,Silver
799,Male,Rural,Bachelor,100jt-200jt,1,7,492300,More than 1,Platinum
800,Female,Urban,Bachelor,100jt-200jt,0,6,664380,More than 1,Platinum
801,Male,Urban,High School,100jt-200jt,0,7,2232180,1,Platinum
802,Male,Rural,Bachelor,100jt-200jt,0,4,0,1,Platinum
803,Male,Rural,Bachelor,100jt-200jt,0,5,776880,More than 1,Platinum
804,Male,Urban,Bachelor,100jt-200jt,1,3,859860,More than 1,Platinum
805,Male,Rural,High School,>200jt,1,1,686520,1,Gold
806,Female,Rural,Bachelor,100jt-200jt,1,5,0,1,Gold
807,Male,Urban,Bachelor,100jt-200jt,1,7,393660,More than 1,Platinum
808,Male,Urban,High School,100jt-200jt,1,7,1045620,More than 1,Platinum
809,Male,Urban,High School,100jt-200jt,0,7,1230840,1,Silver
810,Male,Rural,Bachelor,35jt-100jt,1,5,708120,1,Silver
811,Female,Rural,High School,100jt-200jt,1,7,0,1,Silver
812,Female,Urban,Bachelor,35jt-100jt,0,7,0,More than 1,Platinum
813,Female,Rural,Bachelor,100jt-200jt,1,6,0,1,Platinum
814,Male,Urban,High School,>200jt,1,7,523800,1,Platinum
815,Male,Rural,High School,100jt-200jt,0,7,0,More than 1,Platinum
816,Male,Urban,High School,100jt-200jt,1,4,785880,1,Platinum
817,Male,Rural,High School,>200jt,1,8,0,1,Platinum
818,Female,Urban,Bachelor,100jt-200jt,0,2,1512900,More than 1,Platinum
819,Male,Urban,High School,100jt-200jt,1,5,1130580,1,Platinum
820,Female,Rural,Bachelor,35jt-100jt,0,6,377820,More than 1,Platinum
821,Male,Rural,High School,100jt-200jt,1,2,735660,More than 1,Platinum
822,Male,Rural,Bachelor,100jt-200jt,0,2,0,More than 1,Platinum
823,Female,Rural,High School,100jt-200jt,1,5,0,More than 1,Silver
824,Male,Urban,High School,35jt-100jt,1,5,770220,1,Silver
825,Female,Urban,High School,100jt-200jt,1,6,457200,1,Platinum
826,Female,Rural,Bachelor,100jt-200jt,1,4,445140,More than 1,Gold
827,Female,Urban,Bachelor,35jt-100jt,0,4,1274040,More than 1,Platinum
828,Female,Urban,Others,100jt-200jt,1,8,806940,1,Silver
829,Male,Urban,Bachelor,100jt-200jt,0,8,910260,More than 1,Platinum
830,Female,Urban,Bachelor,100jt-200jt,1,4,999540,More than 1,Platinum
831,Female,Urban,High School,100jt-200jt,1,6,0,More than 1,Platinum
832,Female,Urban,High School,100jt-200jt,1,1,1042740,1,Platinum
833,Female,Rural,Bachelor,100jt-200jt,1,6,547560,More than 1,Silver
834,Male,Rural,High School,35jt-100jt,1,7,0,1,Platinum
835,Male,Urban,High School,100jt-200jt,0,4,1872360,More than 1,Platinum
836,Female,Rural,High School,100jt-200jt,1,5,0,1,Platinum
837,Male,Urban,High School,100jt-200jt,1,3,657720,1,Gold
838,Male,Urban,High School,35jt-100jt,0,2,776700,1,Platinum
839,Female,Urban,High School,35jt-100jt,0,1,625140,More than 1,Platinum
840,Male,Urban,Bachelor,>200jt,1,6,723600,More than 1,Silver
841,Male,Rural,Bachelor,>200jt,1,3,0,More than 1,Platinum
842,Male,Urban,Bachelor,>200jt,1,3,420840,More than 1,Platinum
843,Female,Rural,Bachelor,>200jt,1,7,0,1,Silver
844,Male,Urban,High School,100jt-200jt,1,5,0,More than 1,Platinum
845,Male,Urban,Bachelor,100jt-200jt,1,7,887580,More than 1,Platinum
846,Female,Urban,Bachelor,100jt-200jt,0,3,1171980,1,Silver
847,Female,Urban,High School,100jt-200jt,0,4,815400,More than 1,Platinum
848,Female,Rural,Bachelor,100jt-200jt,0,8,0,1,Platinum
849,Female,Rural,High School,>200jt,1,6,0,More than 1,Platinum
850,Female,Rural,High School,100jt-200jt,0,5,0,1,Platinum
851,Male,Urban,Bachelor,100jt-200jt,1,2,438840,More than 1,Silver
852,Male,Urban,High School,100jt-200jt,1,5,781020,1,Silver
853,Male,Rural,High School,>200jt,1,6,703620,More than 1,Gold
854,Female,Urban,High School,100jt-200jt,1,3,765000,More than 1,Platinum
855,Male,Rural,High School,100jt-200jt,0,8,0,More than 1,Platinum
856,Male,Urban,Bachelor,35jt-100jt,1,6,0,1,Platinum
857,Female,Rural,Bachelor,100jt-200jt,1,0,0,More than 1,Platinum
858,Female,Rural,Bachelor,100jt-200jt,0,5,1720260,1,Platinum
859,Female,Urban,Bachelor,35jt-100jt,1,5,949140,More than 1,Platinum
860,Male,Rural,High School,100jt-200jt,1,3,708480,1,Platinum
861,Female,Urban,High School,100jt-200jt,0,8,749520,More than 1,Gold
862,Female,Rural,Bachelor,>200jt,0,4,0,More than 1,Platinum
863,Male,Rural,Bachelor,>200jt,1,7,365580,1,Silver
864,Male,Urban,Bachelor,>200jt,1,6,0,More than 1,Platinum
865,Female,Urban,Bachelor,100jt-200jt,1,1,774720,More than 1,Silver
866,Male,Urban,High School,35jt-100jt,0,2,580140,More than 1,Silver
867,Female,Urban,High School,100jt-200jt,1,6,0,1,Platinum
868,Female,Rural,High School,100jt-200jt,1,7,799200,More than 1,Silver
869,Male,Urban,High School,>200jt,1,6,614520,More than 1,Platinum
870,Male,Rural,Bachelor,100jt-200jt,0,5,454140,More than 1,Silver
871,Male,Rural,High School,>200jt,0,5,774180,More than 1,Gold
872,Female,Rural,Bachelor,>200jt,1,6,0,More than 1,Platinum
873,Male,Rural,High School,>200jt,1,7,402840,1,Platinum
874,Female,Urban,High School,100jt-200jt,0,5,787320,1,Silver
875,Male,Rural,Bachelor,>200jt,1,3,0,More than 1,Silver
876,Female,Rural,Bachelor,100jt-200jt,1,7,0,More than 1,Platinum
877,Male,Urban,Bachelor,100jt-200jt,0,6,442260,More than 1,Platinum
878,Female,Urban,Bachelor,100jt-200jt,0,6,1888380,More than 1,Silver
879,Male,Urban,Bachelor,100jt-200jt,1,4,0,More than 1,Platinum
880,Female,Rural,Bachelor,100jt-200jt,1,1,0,More than 1,Silver
881,Female,Urban,High School,35jt-100jt,1,7,872100,More than 1,Silver
882,Female,Rural,Bachelor,100jt-200jt,1,3,671940,More than 1,Platinum
883,Male,Urban,High School,100jt-200jt,1,1,1619460,More than 1,Platinum
884,Male,Urban,High School,35jt-100jt,0,6,903780,More than 1,Platinum
885,Male,Urban,High School,35jt-100jt,0,4,1328040,More than 1,Silver
886,Female,Rural,High School,100jt-200jt,1,8,724860,1,Gold
887,Male,Urban,Bachelor,100jt-200jt,1,0,1180260,1,Platinum
888,Female,Rural,High School,>200jt,1,7,0,More than 1,Platinum
889,Male,Urban,Bachelor,100jt-200jt,1,5,742500,More than 1,Platinum
890,Male,Urban,Bachelor,35jt-100jt,0,7,799740,More than 1,Platinum
891,Female,Urban,Bachelor,>200jt,0,3,680040,More than 1,Gold
892,Male,Urban,Bachelor,100jt-200jt,1,7,984240,More than 1,Silver
893,Female,Rural,Bachelor,>200jt,0,6,0,1,Platinum
894,Female,Urban,High School,100jt-200jt,0,4,1092780,More than 1,Silver
895,Female,Rural,High School,>200jt,1,6,0,1,Platinum
896,Male,Urban,High School,100jt-200jt,1,2,1040940,1,Gold
897,Female,Urban,High School,100jt-200jt,0,5,647460,More than 1,Platinum
898,Female,Urban,Bachelor,>200jt,0,1,619200,More than 1,Platinum
899,Male,Rural,Bachelor,100jt-200jt,0,4,0,More than 1,Silver
900,Male,Rural,High School,>200jt,1,7,361080,More than 1,Platinum
901,Female,Rural,High School,100jt-200jt,0,4,1438200,1,Platinum
902,Female,Urban,High School,100jt-200jt,1,2,0,More than 1,Silver
903,Female,Rural,High School,>200jt,0,2,682740,1,Gold
904,Female,Rural,Others,100jt-200jt,0,7,0,1,Platinum
905,Female,Urban,Bachelor,35jt-100jt,0,7,721440,1,Platinum
906,Male,Urban,Bachelor,100jt-200jt,1,6,370260,More than 1,Platinum
907,Female,Rural,Bachelor,100jt-200jt,0,6,481860,More than 1,Platinum
908,Male,Urban,High School,35jt-100jt,1,6,0,1,Platinum
909,Male,Urban,High School,100jt-200jt,0,2,1159560,More than 1,Gold
910,Male,Rural,Bachelor,100jt-200jt,1,6,0,More than 1,Platinum
911,Female,Urban,Bachelor,100jt-200jt,1,8,813960,1,Gold
912,Male,Rural,Bachelor,100jt-200jt,1,1,0,1,Gold
913,Male,Urban,High School,>200jt,1,6,842940,More than 1,Platinum
914,Female,Urban,High School,35jt-100jt,1,3,738180,1,Gold
915,Male,Urban,High School,100jt-200jt,0,4,600300,More than 1,Platinum
916,Male,Urban,High School,100jt-200jt,0,6,1260360,1,Platinum
917,Female,Urban,Bachelor,<35jt,1,1,1030320,More than 1,Platinum
918,Male,Urban,Bachelor,100jt-200jt,1,2,702360,1,Gold
919,Male,Urban,Bachelor,35jt-100jt,0,6,1007640,More than 1,Platinum
920,Male,Rural,Others,100jt-200jt,1,7,407880,1,Platinum
921,Female,Urban,Others,35jt-100jt,1,5,1020600,1,Silver
922,Female,Urban,High School,35jt-100jt,0,5,1054440,More than 1,Gold
923,Male,Urban,High School,100jt-200jt,1,4,1062000,More than 1,Platinum
924,Male,Urban,High School,<35jt,0,8,1376460,More than 1,Platinum
925,Male,Urban,Bachelor,100jt-200jt,0,8,704160,More than 1,Platinum
926,Male,Urban,High School,100jt-200jt,1,6,752760,More than 1,Platinum
927,Male,Urban,High School,>200jt,0,8,701640,More than 1,Platinum
928,Female,Urban,Bachelor,100jt-200jt,1,4,620100,More than 1,Platinum
929,Female,Urban,High School,100jt-200jt,0,2,966780,1,Silver
930,Female,Urban,Bachelor,100jt-200jt,1,1,764640,More than 1,Platinum
931,Male,Urban,High School,100jt-200jt,1,5,527760,1,Gold
932,Female,Rural,High School,100jt-200jt,0,5,594360,1,Silver
933,Male,Urban,High School,35jt-100jt,1,6,677700,More than 1,Platinum
934,Male,Rural,Bachelor,100jt-200jt,1,7,369000,More than 1,Silver
935,Female,Urban,High School,100jt-200jt,0,4,710460,1,Platinum
936,Male,Urban,High School,35jt-100jt,1,5,1098360,More than 1,Platinum
937,Male,Urban,High School,>200jt,0,8,823500,More than 1,Gold
938,Female,Urban,High School,<35jt,0,7,1138500,More than 1,Platinum
939,Male,Urban,Bachelor,100jt-200jt,1,5,2616840,1,Silver
940,Female,Urban,High School,100jt-200jt,1,1,676260,More than 1,Platinum
941,Male,Rural,Bachelor,100jt-200jt,0,5,428040,More than 1,Silver
942,Male,Rural,High School,100jt-200jt,1,5,0,1,Silver
943,Female,Rural,High School,100jt-200jt,1,2,856080,More than 1,Platinum
944,Male,Urban,High School,35jt-100jt,1,7,890460,1,Platinum
945,Male,Rural,Others,100jt-200jt,1,4,576720,More than 1,Gold
946,Male,Rural,Others,100jt-200jt,1,4,455400,More than 1,Gold
947,Male,Urban,Others,100jt-200jt,1,5,1855080,1,Silver
948,Female,Urban,Bachelor,35jt-100jt,1,6,1179360,More than 1,Silver
949,Male,Urban,Bachelor,100jt-200jt,1,2,0,1,Silver
950,Male,Urban,High School,35jt-100jt,1,3,645480,More than 1,Platinum
951,Male,Urban,High School,100jt-200jt,0,3,1129500,More than 1,Silver
952,Female,Urban,Bachelor,100jt-200jt,0,5,730980,More than 1,Platinum
953,Male,Urban,High School,35jt-100jt,0,5,654300,1,Platinum
954,Female,Urban,High School,35jt-100jt,0,5,0,More than 1,Gold
955,Male,Urban,Others,35jt-100jt,1,5,1084320,1,Platinum
956,Female,Urban,High School,<35jt,0,0,1068480,More than 1,Platinum
957,Female,Urban,Bachelor,35jt-100jt,1,3,725760,More than 1,Gold
958,Male,Rural,High School,>200jt,0,8,0,1,Platinum
959,Male,Rural,High School,100jt-200jt,0,7,501300,More than 1,Platinum
960,Male,Rural,High School,100jt-200jt,1,5,0,1,Silver
961,Male,Urban,High School,35jt-100jt,1,6,778500,1,Platinum
962,Female,Urban,High School,35jt-100jt,0,2,541260,More than 1,Silver
963,Male,Rural,Bachelor,>200jt,1,6,0,More than 1,Silver
964,Male,Urban,Bachelor,35jt-100jt,0,7,862380,More than 1,Gold
965,Male,Urban,Bachelor,35jt-100jt,1,7,4374720,1,Silver
966,Male,Rural,High School,>200jt,0,3,0,More than 1,Platinum
967,Female,Urban,High School,35jt-100jt,0,7,889920,1,Platinum
968,Male,Rural,Bachelor,100jt-200jt,0,7,597780,1,Silver
969,Male,Rural,Bachelor,100jt-200jt,1,4,601020,1,Platinum
970,Female,Rural,Bachelor,35jt-100jt,1,5,426060,1,Platinum
971,Male,Urban,Bachelor,35jt-100jt,1,5,730260,1,Platinum
972,Female,Urban,High School,>200jt,0,6,1173420,More than 1,Platinum
973,Male,Urban,Bachelor,100jt-200jt,0,6,0,More than 1,Platinum
974,Female,Rural,High School,100jt-200jt,0,1,2345940,More than 1,Silver
975,Male,Urban,High School,100jt-200jt,1,4,1205460,More than 1,Platinum
976,Female,Urban,High School,35jt-100jt,1,6,629100,1,Platinum
977,Male,Urban,High School,100jt-200jt,1,5,559260,1,Platinum
978,Male,Urban,High School,100jt-200jt,1,7,684720,More than 1,Platinum
979,Male,Urban,Bachelor,100jt-200jt,1,7,718740,1,Platinum
980,Male,Rural,High School,100jt-200jt,0,8,0,More than 1,Gold
981,Male,Rural,Bachelor,>200jt,0,2,0,1,Gold
982,Female,Rural,High School,100jt-200jt,1,6,1163160,1,Platinum
983,Male,Urban,Bachelor,35jt-100jt,1,8,1232280,More than 1,Platinum
984,Female,Urban,High School,35jt-100jt,0,7,1225260,1,Silver
985,Female,Rural,Bachelor,100jt-200jt,1,3,414720,More than 1,Gold
986,Male,Urban,Bachelor,>200jt,1,6,736380,More than 1,Silver
987,Female,Rural,High School,100jt-200jt,1,7,0,More than 1,Gold
988,Male,Rural,Bachelor,100jt-200jt,0,3,431100,More than 1,Platinum
989,Male,Urban,Bachelor,100jt-200jt,1,5,701640,More than 1,Gold
990,Female,Urban,Bachelor,35jt-100jt,1,7,1072440,More than 1,Silver
991,Female,Rural,High School,>200jt,0,4,381600,More than 1,Platinum
992,Male,Rural,Bachelor,35jt-100jt,0,6,446760,More than 1,Platinum
993,Female,Rural,High School,100jt-200jt,1,2,0,More than 1,Platinum
994,Male,Urban,Bachelor,35jt-100jt,0,1,753840,1,Silver
995,Male,Urban,Bachelor,100jt-200jt,1,6,908640,1,Gold
996,Female,Urban,Bachelor,100jt-200jt,1,0,478260,More than 1,Platinum
997,Female,Urban,High School,35jt-100jt,1,6,0,1,Gold
998,Female,Urban,High School,35jt-100jt,0,7,514260,More than 1,Platinum
999,Male,Urban,High School,100jt-200jt,1,2,723420,More than 1,Platinum
1000,Male,Urban,High School,100jt-200jt,0,7,1171440,More than 1,Gold
