Creditability,Account_Balance,Duration_of_Credit_monthly,Payment_Status_of_Previous_Credit,Credit_Amount,Length_of_current_employment,Guarantors,Duration_in_Current_address,Age_years,Concurrent_Credits,No_of_Credits_at_this_Bank
0,1,No Account,18,3,1049,2,No,4,21,2,1
1,1,No Account,9,3,2799,3,No,2,36,2,2
2,1,Have Account,12,2,841,4,No,4,23,2,1
3,1,No Account,12,3,2122,3,No,2,39,2,2
4,1,No Account,12,3,2171,3,No,4,38,0,2
5,1,No Account,10,3,2241,2,No,3,48,2,2
6,1,No Account,8,3,3398,4,No,4,39,2,2
7,1,No Account,6,3,1361,2,No,4,40,2,1
8,1,Have Account,18,3,1098,1,No,4,65,2,2
9,1,Have Account,24,2,3758,1,No,4,23,2,1
10,1,No Account,11,3,3905,3,No,2,36,2,2
11,1,No Account,30,3,6187,4,No,4,24,2,2
12,1,No Account,6,3,1957,4,No,4,31,2,1
13,1,Have Account,48,3,7582,1,No,4,31,2,1
14,1,No Account,18,2,1936,4,No,4,23,2,2
15,1,No Account,6,2,2647,3,No,3,44,2,1
16,1,No Account,11,3,3939,3,No,2,40,2,2
17,1,Have Account,18,2,3213,2,No,3,25,2,1
18,1,Have Account,36,3,2337,5,No,4,36,2,1
19,1,Have Account,11,3,7228,3,No,4,39,2,2
20,1,No Account,6,3,3676,3,No,3,37,2,3
21,1,Have Account,12,3,3124,2,No,3,49,0,2
22,0,Have Account,36,2,2384,2,No,1,33,2,1
23,1,Have Account,12,3,1424,4,No,3,26,2,1
24,1,No Account,6,3,4716,2,No,3,44,2,2
25,1,Have Account,11,3,4771,4,No,4,51,2,1
26,1,No Account,12,2,652,5,No,4,24,2,1
27,1,Have Account,9,3,1154,5,No,4,37,2,3
28,1,Have Account,15,2,3556,3,No,2,29,2,1
29,1,Have Account,42,3,4796,5,No,4,56,2,1
30,1,Have Account,30,3,3017,5,No,4,47,2,1
31,1,Have Account,36,3,3535,4,No,4,37,2,2
32,1,Have Account,36,3,6614,5,No,4,34,2,2
33,1,Have Account,24,2,1376,4,No,1,28,2,1
34,1,No Account,15,2,1721,2,No,3,36,2,1
35,1,No Account,6,3,860,5,No,4,39,2,2
36,1,Have Account,12,3,1495,5,No,1,38,2,2
37,1,Have Account,12,3,1934,5,No,2,26,2,2
38,1,Have Account,18,2,3378,3,No,1,31,2,1
39,1,Have Account,24,3,3868,5,No,2,41,2,2
40,1,Have Account,12,3,996,4,No,4,23,2,2
41,1,No Account,24,2,1755,5,Yes,4,58,2,1
42,1,Have Account,18,3,1028,3,No,3,36,2,2
43,1,Have Account,24,3,2825,4,No,3,34,2,2
44,1,Have Account,18,2,1239,3,No,4,61,2,1
45,0,No Account,18,2,1216,2,No,3,23,2,1
46,1,Have Account,24,2,1258,4,No,1,25,2,1
47,0,Have Account,18,3,1864,3,No,2,30,2,2
48,1,Have Account,24,2,1474,2,No,3,33,2,1
49,1,No Account,24,3,1382,4,No,1,26,2,2
50,1,Have Account,12,2,640,3,No,2,49,2,1
51,1,Have Account,36,2,3919,3,No,2,23,2,1
52,1,Have Account,9,3,1224,3,No,1,30,2,2
53,1,Have Account,12,3,2331,5,Yes,4,49,2,1
54,1,Have Account,24,2,6313,5,No,4,41,2,1
55,1,No Account,12,3,385,4,No,3,58,2,4
56,1,Have Account,12,3,1655,5,No,4,63,2,2
57,1,No Account,15,2,1053,2,No,2,27,2,1
58,1,Have Account,21,2,3160,5,No,3,41,2,1
59,1,Have Account,36,2,3079,3,No,4,36,2,1
60,1,Have Account,12,3,1163,3,No,4,44,2,1
61,1,Have Account,24,2,2679,2,No,1,29,2,1
62,1,Have Account,48,3,3578,5,No,1,47,2,1
63,1,Have Account,36,3,10875,5,No,2,45,2,2
64,1,No Account,12,3,1344,3,No,2,43,2,2
65,1,Have Account,6,3,1237,3,No,1,27,2,2
66,1,Have Account,12,2,3077,3,No,4,52,2,1
67,1,Have Account,24,2,2284,4,No,2,28,2,1
68,1,Have Account,12,2,1567,3,No,1,22,2,1
69,1,Have Account,24,3,2032,5,No,4,60,2,2
70,1,Have Account,21,3,2745,4,No,2,32,2,2
71,1,Have Account,30,2,1867,5,No,4,58,2,1
72,1,Have Account,36,2,2299,5,No,4,39,2,1
73,1,Have Account,24,2,929,4,No,2,31,1,1
74,1,Have Account,12,2,3399,5,No,3,37,2,1
75,1,Have Account,9,2,2030,4,No,1,24,2,1
76,1,Have Account,21,3,3275,5,No,4,36,2,1
77,1,Have Account,24,3,1940,5,No,4,60,2,1
78,1,No Account,21,3,1602,5,No,3,30,2,2
79,1,Have Account,15,2,1979,5,No,2,35,2,1
80,1,Have Account,24,3,2022,3,No,4,37,2,1
81,1,Have Account,36,3,3342,5,No,2,51,2,1
82,1,Have Account,18,2,5866,3,No,2,30,2,2
83,1,Have Account,15,3,2360,3,No,2,36,2,1
84,1,Have Account,15,3,1520,5,No,4,63,2,1
85,1,No Account,12,2,3651,3,No,3,31,2,1
86,1,Have Account,24,3,2346,4,No,3,35,2,2
87,1,Have Account,36,3,4454,3,No,4,34,2,2
88,1,No Account,6,3,666,4,No,4,39,2,2
89,1,Have Account,24,3,1965,3,No,4,42,2,2
90,1,Have Account,12,3,1995,2,No,1,27,2,1
91,1,Have Account,30,2,2991,5,No,4,25,2,1
92,1,Have Account,30,0,4221,3,No,1,28,2,2
93,1,No Account,9,2,1364,4,No,4,59,2,1
94,1,Have Account,18,3,6361,5,No,1,41,2,1
95,1,Have Account,27,3,4526,2,No,2,32,1,2
96,1,Have Account,12,3,3573,3,No,1,23,2,1
97,0,Have Account,36,3,4455,3,No,2,30,1,2
98,1,No Account,9,2,2136,3,No,2,25,2,1
99,1,Have Account,42,3,5954,4,No,1,41,0,2
100,1,Have Account,24,3,3777,3,No,4,40,2,1
101,1,No Account,15,2,806,3,No,4,22,2,1
102,1,Have Account,24,3,4712,3,No,2,34,0,2
103,1,Have Account,36,3,7432,3,No,2,54,2,1
104,1,Have Account,24,3,1851,4,Yes,2,33,2,2
105,1,Have Account,24,2,1393,3,Yes,2,31,2,1
106,1,Have Account,12,3,1412,3,Yes,2,29,2,2
107,1,Have Account,18,2,1473,2,No,4,39,2,1
108,1,Have Account,24,2,1533,2,No,3,38,1,1
109,1,Have Account,12,3,2012,4,No,2,61,2,1
110,0,No Account,15,2,3959,3,No,2,29,2,1
111,1,No Account,6,2,428,5,No,1,49,0,1
112,1,Have Account,12,3,2366,4,No,3,36,2,1
113,1,Have Account,12,2,763,3,No,1,26,2,1
114,1,Have Account,21,2,3976,4,No,3,35,2,1
115,1,Have Account,18,2,6260,4,No,3,28,2,1
116,1,Have Account,9,3,1919,4,No,3,35,2,1
117,1,Have Account,24,2,2603,3,No,4,28,2,1
118,1,Have Account,9,3,936,5,No,2,52,2,2
119,1,Have Account,24,2,3062,5,No,3,32,2,1
120,1,Have Account,36,2,4795,2,No,1,30,2,1
121,1,Have Account,36,3,5842,5,No,2,35,2,2
122,1,Have Account,6,2,2063,2,No,3,30,2,1
123,1,Have Account,15,3,1459,3,No,2,43,2,1
124,1,Have Account,15,2,1213,5,No,3,47,1,1
125,1,Have Account,24,3,5103,2,No,3,47,2,3
126,1,Have Account,15,2,874,2,No,1,24,2,1
127,1,Have Account,6,2,2978,3,No,2,32,2,1
128,1,Have Account,18,2,1820,3,No,2,30,2,1
129,1,Have Account,24,3,2872,5,No,4,36,2,1
130,1,Have Account,24,2,1925,3,No,2,26,2,1
131,1,Have Account,18,2,2515,3,No,4,43,2,1
132,1,Have Account,6,2,2116,3,No,2,41,2,1
133,1,Have Account,18,2,1453,2,No,1,26,2,1
134,1,Have Account,10,2,1364,3,No,4,64,2,1
135,1,Have Account,6,2,1543,3,No,2,33,2,1
136,1,Have Account,12,2,1318,5,No,4,54,2,1
137,1,No Account,24,1,2325,4,No,3,32,0,1
138,1,Have Account,6,3,932,4,No,3,39,2,2
139,1,Have Account,24,3,3148,3,No,2,31,2,2
140,1,Have Account,36,2,3835,5,No,4,45,2,1
141,1,Have Account,9,2,3832,5,No,4,64,2,1
142,1,Have Account,24,2,5084,5,No,4,42,2,1
143,1,Have Account,9,3,2406,1,No,3,31,2,1
144,1,Have Account,36,2,2394,3,No,4,25,2,1
145,1,Have Account,21,2,2476,5,No,4,46,2,1
146,1,No Account,24,2,2964,5,No,4,49,0,1
147,1,No Account,12,2,1262,5,No,4,49,2,1
148,1,Have Account,12,2,1542,4,No,4,36,2,1
149,1,Have Account,24,3,1743,5,No,2,48,2,2
150,1,Have Account,12,1,409,3,No,3,42,2,2
151,1,Have Account,12,2,2171,2,No,2,29,0,1
152,1,Have Account,48,3,8858,4,No,1,35,2,2
153,1,Have Account,24,2,3512,4,No,3,38,0,2
154,1,Have Account,12,2,1158,3,No,1,26,2,1
155,1,Have Account,24,3,2684,3,No,2,35,2,2
156,1,No Account,12,2,1498,3,No,1,23,0,1
157,1,Have Account,30,3,5954,4,Yes,2,38,2,1
158,0,Have Account,48,1,6416,5,No,3,59,2,1
159,1,Have Account,12,3,3617,5,No,4,28,2,3
160,1,Have Account,12,3,1291,3,No,2,35,2,2
161,1,Have Account,24,3,1275,3,No,4,36,2,2
162,1,Have Account,24,2,3972,4,No,4,25,2,1
163,1,Have Account,15,3,3343,3,No,2,28,2,1
164,1,Have Account,15,2,392,2,No,4,23,2,1
165,1,Have Account,9,3,2134,3,No,4,48,2,3
166,1,Have Account,30,3,5771,4,No,2,25,2,2
167,1,Have Account,24,3,4526,3,No,2,74,2,1
168,1,Have Account,15,3,2788,4,Yes,3,24,0,2
169,1,Have Account,6,3,1382,3,No,1,28,2,2
170,1,Have Account,36,2,5848,3,No,1,24,2,1
171,0,No Account,12,2,1228,3,No,2,24,2,1
172,1,Have Account,12,2,1297,3,No,4,23,2,1
173,1,Have Account,24,2,1552,4,No,1,32,0,1
174,1,Have Account,12,2,1963,4,No,2,31,2,2
175,1,Have Account,24,2,3235,5,No,2,36,2,1
176,1,Have Account,24,3,4139,3,No,3,27,2,2
177,1,Have Account,12,3,1804,2,No,4,44,2,1
178,1,Have Account,18,2,1950,4,No,1,34,1,2
179,1,Have Account,48,3,12749,4,No,1,37,2,1
180,1,Have Account,9,2,1236,2,No,4,23,2,1
181,1,Have Account,18,3,1055,2,No,1,30,2,2
182,1,No Account,30,0,8072,2,No,3,25,0,3
183,1,Have Account,30,3,2831,3,No,2,33,2,1
184,1,Have Account,9,2,1449,4,No,2,27,2,2
185,1,Have Account,36,2,5742,4,No,2,31,2,2
186,1,Have Account,12,2,2390,5,No,3,50,2,1
187,1,Have Account,24,2,3430,5,No,2,31,2,1
188,1,Have Account,36,2,2273,4,No,1,32,2,2
189,1,Have Account,21,2,2923,3,No,1,28,0,1
190,1,Have Account,24,2,1901,3,No,4,29,2,1
191,1,Have Account,36,2,3711,3,No,2,27,2,1
192,1,Have Account,48,2,8487,4,No,2,24,2,1
193,1,Have Account,24,2,2255,2,No,1,54,2,1
194,1,Have Account,12,2,1262,3,No,2,25,2,1
195,1,Have Account,33,3,7253,4,No,2,35,2,2
196,1,Have Account,6,3,6761,4,No,3,45,2,2
197,1,Have Account,18,3,1817,3,No,2,28,2,2
198,1,Have Account,12,2,2141,4,No,1,35,2,1
199,1,Have Account,48,1,3609,3,No,1,27,1,1
200,1,Have Account,30,2,2333,5,No,2,30,0,1
201,1,Have Account,28,1,7824,2,Yes,4,40,0,2
202,1,Have Account,18,1,1445,4,No,4,49,0,1
203,1,No Account,24,2,7721,2,No,2,30,2,1
204,1,No Account,21,2,3763,4,Yes,2,24,2,1
205,1,Have Account,18,2,4439,5,Yes,1,33,0,1
206,1,No Account,12,2,1107,3,No,2,20,2,1
207,1,Have Account,15,2,1444,2,No,1,23,2,1
208,1,Have Account,48,1,12169,1,Yes,4,36,2,1
209,1,Have Account,9,2,2753,5,Yes,4,35,2,1
210,1,Have Account,4,2,1494,2,No,2,29,2,1
211,1,No Account,24,1,2828,3,No,4,22,1,1
212,1,No Account,24,1,2483,3,No,4,22,1,1
213,1,Have Account,6,3,1299,3,No,1,74,2,3
214,1,Have Account,9,2,1549,2,No,2,35,2,1
215,1,Have Account,10,2,3949,2,Yes,1,37,2,1
216,1,Have Account,10,2,2901,2,No,4,31,2,1
217,1,Have Account,6,2,709,2,No,2,27,2,1
218,1,No Account,47,2,10722,2,No,1,35,2,1
219,1,Have Account,10,2,1287,5,Yes,2,45,2,1
220,1,No Account,18,1,1940,2,Yes,4,36,0,1
221,1,Have Account,30,3,3656,5,No,4,49,1,2
222,1,Have Account,24,3,4679,4,No,3,35,2,2
223,1,Have Account,27,3,8613,3,No,2,27,2,2
224,1,No Account,18,2,2659,3,No,2,28,2,1
225,1,Have Account,24,3,1516,3,No,1,43,2,2
226,1,No Account,18,2,4380,3,No,4,35,2,1
227,1,Have Account,14,3,802,3,No,2,27,2,2
228,1,Have Account,21,2,1572,5,No,4,36,0,1
229,1,Have Account,48,1,3566,4,No,2,30,2,1
230,1,Have Account,24,2,1278,5,No,1,36,2,1
231,1,Have Account,6,0,426,5,No,4,39,2,1
232,1,Have Account,39,2,8588,5,No,2,45,2,1
233,1,No Account,30,2,3857,3,No,4,40,2,1
234,0,Have Account,12,2,685,4,No,3,25,0,1
235,1,No Account,24,2,1603,5,No,4,55,2,1
236,1,Have Account,21,2,2241,5,No,2,50,2,2
237,1,No Account,24,2,2384,5,No,4,64,0,1
238,1,Have Account,4,2,601,2,No,3,23,2,1
239,1,Have Account,39,2,2569,3,No,4,24,2,1
240,1,Have Account,15,3,1316,3,No,2,47,2,2
241,1,Have Account,60,2,10366,5,No,4,42,2,1
242,1,Have Account,18,2,1568,3,No,4,24,2,1
243,1,Have Account,18,3,629,5,No,3,32,0,2
244,1,Have Account,6,1,1750,5,No,4,45,0,1
245,1,Have Account,24,2,3488,4,No,4,23,2,1
246,1,Have Account,18,3,1800,3,No,2,24,2,2
247,1,Have Account,24,3,4151,3,No,3,35,2,2
248,1,Have Account,15,2,2631,3,No,2,25,2,1
249,1,Have Account,21,2,5248,3,No,3,26,2,1
250,1,Have Account,18,3,2899,5,No,4,43,2,1
251,1,Have Account,18,3,6204,3,No,4,44,2,1
252,1,Have Account,12,2,804,5,No,4,38,2,1
253,1,Have Account,36,2,3595,5,No,2,28,2,1
254,1,Have Account,36,3,5711,5,No,2,38,2,2
255,1,Have Account,15,2,2687,4,No,4,26,2,1
256,1,No Account,15,3,3643,5,No,4,27,2,2
257,1,Have Account,10,3,2146,2,No,3,23,2,2
258,1,No Account,10,2,2315,5,No,4,52,2,1
259,1,Have Account,5,2,3448,4,No,4,74,2,1
260,1,Have Account,15,2,2708,2,No,3,27,0,2
261,1,Have Account,11,3,1393,2,No,4,35,2,2
262,1,Have Account,10,2,1275,2,No,2,23,2,1
263,1,Have Account,9,2,1313,5,No,4,20,2,1
264,1,Have Account,12,2,1493,2,No,3,34,2,1
265,1,Have Account,22,2,2675,5,No,4,40,2,1
266,1,Have Account,9,2,2118,3,No,2,37,2,1
267,1,Have Account,36,2,909,5,No,4,36,2,1
268,1,Have Account,12,3,1258,2,No,4,22,2,2
269,1,Have Account,15,1,1569,5,No,4,34,0,1
270,1,Have Account,6,2,1236,3,No,4,50,2,1
271,1,Have Account,36,3,7678,4,No,4,40,2,2
272,1,Have Account,6,2,660,4,No,4,23,2,1
273,1,Have Account,24,2,2835,5,No,4,53,2,1
274,1,Have Account,24,2,2670,5,No,4,35,2,1
275,1,Have Account,12,1,3447,3,No,3,35,2,1
276,1,Have Account,15,2,3568,5,No,2,54,0,1
277,1,Have Account,21,3,3652,4,No,3,27,2,2
278,1,No Account,24,2,3660,3,No,4,28,2,1
279,1,Have Account,9,2,1126,5,No,4,49,2,1
280,1,Have Account,6,3,683,2,No,1,29,0,1
281,1,Have Account,12,2,2251,3,No,2,46,2,1
282,1,Have Account,12,2,4675,2,No,4,20,2,1
283,1,Have Account,21,3,2353,3,No,4,47,2,2
284,1,No Account,21,2,3357,2,No,2,29,0,1
285,1,Have Account,6,2,672,1,No,4,54,2,1
286,1,No Account,6,3,338,5,No,4,52,2,2
287,1,Have Account,9,2,2697,3,No,2,32,2,1
288,1,Have Account,9,2,2507,5,No,4,51,2,1
289,1,Have Account,15,3,1478,3,No,3,33,0,2
290,1,Have Account,12,3,3565,2,No,1,37,2,2
291,1,Have Account,15,2,2221,3,No,4,20,2,1
292,1,Have Account,6,3,1898,3,No,2,34,2,2
293,1,Have Account,6,3,1449,5,No,2,31,0,2
294,1,Have Account,15,3,960,4,No,2,30,2,2
295,1,Have Account,36,2,8133,3,No,2,30,0,1
296,1,Have Account,9,2,2301,2,No,4,22,2,1
297,1,Have Account,6,3,1743,3,No,2,34,2,2
298,1,Have Account,12,2,983,2,No,4,19,2,1
299,1,Have Account,18,3,2320,1,No,3,34,2,2
300,1,No Account,12,1,339,5,No,1,45,0,1
301,1,Have Account,24,2,5152,4,No,2,25,0,1
302,1,Have Account,24,2,3749,2,No,4,26,2,1
303,1,Have Account,9,3,3074,3,No,2,33,2,2
304,0,Have Account,9,2,745,3,No,2,28,2,1
305,1,Have Account,24,2,1469,5,No,4,41,2,1
306,1,No Account,6,2,1374,3,No,2,36,0,1
307,1,Have Account,6,1,783,3,Yes,2,26,1,1
308,1,No Account,21,2,2606,2,No,4,28,2,1
309,1,Have Account,54,0,9436,3,No,2,39,2,1
310,1,Have Account,12,3,930,5,No,4,65,2,4
311,1,Have Account,48,3,2751,5,No,3,38,2,2
312,1,Have Account,6,3,250,3,No,2,41,0,2
313,1,Have Account,24,2,1201,2,No,1,26,2,1
314,1,No Account,6,2,662,2,No,4,41,2,1
315,1,Have Account,15,2,1300,5,No,4,45,0,1
316,1,Have Account,24,1,1559,4,No,4,40,0,1
317,1,Have Account,12,2,3016,3,No,1,24,2,1
318,1,Have Account,15,3,1360,3,No,2,31,2,2
319,1,Have Account,6,0,1204,3,No,1,35,0,1
320,1,Have Account,10,2,1597,3,No,2,40,2,1
321,1,Have Account,12,2,2073,3,Yes,2,28,2,1
322,1,Have Account,11,2,2142,5,No,2,28,2,1
323,1,No Account,10,3,2132,2,Yes,3,27,2,2
324,1,Have Account,10,2,1546,3,No,2,31,2,1
325,1,Have Account,24,3,1287,5,No,4,37,2,2
326,1,Have Account,10,2,1418,3,No,2,35,2,1
327,1,Have Account,6,3,1343,5,No,4,46,2,2
328,1,Have Account,18,2,2662,4,No,3,32,2,1
329,1,Have Account,18,3,6070,5,No,4,33,2,2
330,1,Have Account,24,3,1927,3,No,2,33,2,2
331,1,Have Account,18,3,2404,3,No,2,26,2,2
332,1,Have Account,6,3,1554,4,No,2,24,2,2
333,1,Have Account,22,2,1283,4,No,4,25,2,1
334,1,Have Account,24,3,717,5,No,4,54,2,2
335,1,No Account,24,2,1747,2,Yes,1,24,2,1
336,1,No Account,9,3,1288,5,Yes,4,48,2,2
337,1,No Account,10,3,1038,4,Yes,3,49,2,2
338,1,Have Account,10,2,2848,3,Yes,2,32,2,1
339,1,Have Account,12,2,1413,4,No,2,55,2,1
340,1,Have Account,30,3,3077,5,No,2,40,2,2
341,1,No Account,24,1,3632,3,Yes,4,22,0,1
342,1,Have Account,18,3,3229,1,No,4,38,2,1
343,1,Have Account,9,2,3577,3,Yes,2,26,2,1
344,1,Have Account,12,3,682,4,No,3,51,2,2
345,1,Have Account,10,2,1924,3,No,4,38,2,1
346,1,Have Account,10,2,727,5,No,4,46,2,1
347,1,Have Account,10,3,781,5,No,4,63,2,2
348,1,No Account,12,3,2121,3,No,2,30,2,2
349,1,Have Account,12,3,701,3,No,2,32,2,2
350,1,Have Account,10,3,2069,3,No,1,26,2,2
351,1,Have Account,24,2,1525,4,No,3,34,2,1
352,1,Have Account,48,3,7629,5,No,2,46,0,2
353,0,No Account,12,3,3499,3,Yes,2,29,2,2
354,1,Have Account,6,2,1346,5,No,4,42,0,1
355,1,Have Account,36,3,10477,5,No,4,42,2,2
356,1,No Account,24,2,2924,3,Yes,4,63,0,1
357,1,Have Account,10,3,1231,5,No,4,32,2,2
358,1,Have Account,18,2,1961,5,No,2,23,2,1
359,1,Have Account,15,3,5045,5,No,4,59,2,1
360,1,Have Account,12,3,1255,5,No,4,61,2,2
361,1,No Account,12,2,1858,2,No,1,22,2,1
362,1,Have Account,6,3,1221,3,No,2,27,2,2
363,1,Have Account,9,2,1388,3,No,2,26,2,1
364,1,Have Account,12,2,2279,3,No,4,37,2,1
365,1,Have Account,12,0,2759,5,No,4,34,2,2
366,1,Have Account,24,2,1258,3,No,3,57,2,1
367,1,Have Account,12,0,1410,3,No,2,31,2,1
368,1,No Account,15,2,1403,3,No,4,28,2,1
369,1,No Account,24,2,3021,3,No,2,24,2,1
370,1,No Account,24,2,6568,3,No,2,21,1,1
371,1,Have Account,24,3,2578,5,No,2,34,2,1
372,1,Have Account,24,3,7758,5,No,4,29,2,1
373,1,No Account,6,2,343,2,No,1,27,2,1
374,1,Have Account,21,3,1591,4,No,3,34,2,2
375,1,No Account,27,2,3416,3,No,2,27,2,1
376,0,No Account,12,0,1108,4,No,3,28,2,2
377,1,Have Account,27,3,5965,5,No,2,30,2,2
378,1,Have Account,15,2,1514,3,Yes,2,22,2,1
379,1,Have Account,30,3,6742,4,No,3,36,2,2
380,1,No Account,18,2,3650,2,No,4,22,2,1
381,1,No Account,21,2,3599,4,No,4,26,2,1
382,1,Have Account,60,3,13756,5,No,4,63,0,1
383,1,Have Account,9,2,276,3,No,4,22,2,1
384,1,Have Account,42,3,4041,3,No,4,36,2,2
385,1,Have Account,9,2,458,3,No,3,24,2,1
386,0,Have Account,9,2,918,3,No,1,30,2,1
387,1,Have Account,24,2,7393,3,No,4,43,2,1
388,1,Have Account,10,2,1225,3,No,2,37,2,1
389,1,No Account,24,2,2812,5,No,4,26,2,1
390,1,Have Account,15,2,3029,4,No,2,33,2,1
391,1,Have Account,12,3,1480,1,No,4,66,0,3
392,1,Have Account,6,3,1047,3,No,4,50,2,1
393,1,Have Account,15,3,1471,3,No,4,35,2,2
394,1,Have Account,24,2,5511,3,No,1,25,1,1
395,1,Have Account,9,2,1206,5,No,4,25,2,1
396,1,Have Account,24,3,6403,2,No,2,33,2,1
397,1,Have Account,12,2,707,3,No,2,30,0,2
398,1,Have Account,12,3,1503,3,No,4,41,2,1
399,1,Have Account,12,2,6078,4,No,2,32,2,1
400,1,Have Account,27,2,2528,2,No,1,32,2,1
401,1,Have Account,12,2,1037,4,No,4,39,2,1
402,1,No Account,6,2,1352,1,No,2,23,2,1
403,1,Have Account,24,2,3181,2,No,4,26,2,1
404,1,Have Account,18,2,4594,2,No,2,32,2,1
405,1,Have Account,48,2,5381,1,No,4,40,0,1
406,1,Have Account,15,2,4657,3,No,2,30,2,1
407,1,Have Account,9,2,1391,3,No,1,27,0,1
408,1,Have Account,18,2,1913,2,No,3,36,0,1
409,1,Have Account,42,2,7166,4,No,4,29,2,1
410,1,Have Account,13,2,1409,1,No,4,64,2,1
411,1,Have Account,24,3,2978,3,No,4,32,2,2
412,1,Have Account,12,3,976,5,No,4,35,2,2
413,1,Have Account,24,3,2375,3,No,2,44,2,2
414,1,Have Account,12,3,522,5,No,4,42,2,2
415,1,Have Account,28,3,2743,5,No,2,29,2,2
416,1,Have Account,11,3,1154,1,No,4,57,2,3
417,1,Have Account,24,3,5804,3,No,2,27,2,2
418,1,Have Account,18,3,1169,3,No,3,29,2,2
419,1,No Account,15,3,1478,5,No,4,44,2,2
420,1,Have Account,12,2,776,3,No,2,28,2,1
421,1,Have Account,11,3,1322,3,No,4,40,2,2
422,1,Have Account,16,3,1175,1,No,3,68,2,3
423,1,Have Account,12,2,2133,5,No,4,52,2,1
424,1,Have Account,15,3,1829,5,No,4,46,2,2
425,1,Have Account,12,3,717,5,No,4,52,2,3
426,1,Have Account,39,3,11760,4,No,3,32,2,1
427,0,Have Account,9,3,1501,5,No,3,34,2,2
428,1,No Account,12,2,1200,3,No,4,23,0,1
429,1,Have Account,9,2,3195,3,No,2,33,2,1
430,1,Have Account,30,3,4530,4,No,4,26,2,1
431,0,Have Account,12,3,1555,5,No,4,55,2,2
432,1,Have Account,15,3,2326,3,No,4,27,0,1
433,1,Have Account,18,3,1887,3,No,4,28,0,2
434,1,Have Account,12,3,1264,5,No,4,57,2,1
435,1,Have Account,7,3,846,5,No,4,36,2,1
436,1,Have Account,15,3,1532,3,No,3,31,2,1
437,1,Have Account,6,3,935,3,No,2,24,2,1
438,1,No Account,27,3,2442,5,No,4,43,1,4
439,1,Have Account,18,3,3590,1,No,3,40,2,3
440,1,Have Account,21,3,2288,2,No,4,23,2,1
441,1,Have Account,27,3,5117,4,No,4,26,2,2
442,1,No Account,39,3,14179,4,No,4,30,2,2
443,1,Have Account,15,2,1386,3,No,2,40,2,1
444,1,Have Account,12,3,618,5,No,4,56,2,1
445,1,Have Account,12,2,1574,3,No,2,50,2,1
446,1,Have Account,6,3,700,5,No,4,36,2,2
447,1,Have Account,12,2,886,3,No,2,21,2,1
448,1,Have Account,36,2,4686,3,No,2,32,2,1
449,1,Have Account,9,2,790,3,No,3,66,2,1
450,0,Have Account,12,2,766,3,No,3,66,2,1
451,1,No Account,20,2,2212,4,No,4,39,2,1
452,1,Have Account,10,2,7308,1,No,4,70,0,1
453,1,Have Account,24,3,5743,2,No,4,24,2,2
454,1,No Account,14,2,3973,1,No,4,22,2,1
455,1,Have Account,60,3,7418,3,No,1,27,2,1
456,1,Have Account,20,3,2629,3,No,3,29,0,2
457,1,Have Account,18,2,1941,3,No,2,35,2,1
458,1,Have Account,24,3,2333,2,No,2,29,0,1
459,1,Have Account,12,2,2445,2,No,4,26,2,1
460,1,Have Account,20,2,6468,1,No,4,60,2,1
461,1,Have Account,18,3,7374,1,No,4,40,1,2
462,1,Have Account,15,2,3812,2,No,4,23,2,1
463,0,No Account,28,2,4006,3,No,2,45,2,1
464,1,Have Account,12,2,7472,1,No,2,24,2,1
465,1,Have Account,12,2,1424,5,No,4,55,2,1
466,1,Have Account,12,2,2028,3,No,2,30,2,1
467,1,Have Account,15,2,5324,5,No,4,35,2,1
468,1,Have Account,36,2,2323,4,No,4,24,2,1
469,1,Have Account,12,2,1393,5,No,4,47,0,3
470,1,Have Account,18,2,1984,3,No,4,47,0,2
471,1,Have Account,24,2,999,5,No,2,25,2,2
472,1,Have Account,36,2,7409,5,No,2,37,2,2
473,1,Have Account,15,2,2186,4,No,4,33,0,1
474,1,Have Account,36,2,4473,5,No,2,31,2,1
475,1,Have Account,24,2,937,2,No,3,27,2,2
476,1,Have Account,18,2,3422,5,No,4,47,0,3
477,1,Have Account,24,2,3105,2,No,2,25,2,2
478,1,Have Account,12,3,2748,5,No,4,57,0,3
479,1,Have Account,18,2,3872,1,No,4,67,2,1
480,1,Have Account,27,2,5190,5,No,4,48,2,4
481,1,Have Account,18,2,3001,4,No,4,40,2,1
482,1,Have Account,24,3,3863,3,No,2,32,2,1
483,1,Have Account,12,3,5801,5,No,4,49,2,1
484,1,Have Account,12,3,1592,4,No,2,35,2,1
485,1,Have Account,12,3,1185,3,No,2,27,2,2
486,1,Have Account,18,3,3780,2,No,2,35,2,2
487,1,Have Account,18,3,3612,5,No,4,37,2,1
488,1,Have Account,12,2,1076,3,No,2,26,2,1
489,1,Have Account,12,2,3527,2,No,3,45,2,1
490,1,Have Account,18,2,2051,2,No,1,33,2,1
491,1,Have Account,12,3,3331,5,No,4,42,1,1
492,1,No Account,18,0,3104,4,No,1,31,0,1
493,1,Have Account,24,3,2611,5,Yes,3,46,2,2
494,1,No Account,12,3,1409,5,No,3,54,2,1
495,1,Have Account,24,2,1311,4,No,3,26,2,1
496,1,Have Account,6,2,2108,4,No,2,29,2,1
497,1,Have Account,24,3,4042,4,No,4,43,2,2
498,1,Have Account,12,3,926,1,No,2,38,2,1
499,1,No Account,12,2,1680,5,No,1,35,2,1
500,1,Have Account,24,2,1249,2,No,2,28,2,1
501,1,Have Account,24,3,2463,4,No,3,27,2,2
502,1,Have Account,6,2,1595,4,No,2,51,2,1
503,1,Have Account,24,3,2058,3,No,2,33,2,2
504,1,Have Account,24,2,7814,4,No,3,38,2,1
505,1,Have Account,6,3,1740,5,No,2,30,2,2
506,1,Have Account,12,3,1240,5,No,2,38,2,2
507,1,Have Account,24,3,6842,3,No,4,46,2,2
508,1,Have Account,24,3,5150,5,No,4,33,2,1
509,1,No Account,6,2,1203,5,No,2,43,2,1
510,1,Have Account,6,3,2080,3,No,2,24,2,1
511,1,Have Account,6,2,1538,2,No,2,56,2,1
512,1,Have Account,24,3,3878,2,No,2,37,2,1
513,1,Have Account,30,2,3832,2,No,1,22,2,1
514,1,Have Account,15,2,3186,4,No,3,20,2,1
515,1,Have Account,24,2,2896,2,No,1,29,2,1
516,1,Have Account,24,3,6967,4,No,4,36,2,1
517,0,Have Account,36,2,1819,3,No,4,37,1,1
518,0,Have Account,24,2,5943,2,No,1,44,2,2
519,0,Have Account,36,3,7127,2,No,4,23,2,2
520,0,Have Account,36,2,3349,3,No,2,28,2,1
521,0,Have Account,36,2,10974,1,No,2,26,2,2
522,1,Have Account,6,2,518,3,No,1,29,2,1
523,1,Have Account,18,2,1126,2,No,2,21,2,1
524,1,Have Account,12,3,1860,1,No,2,34,2,2
525,1,Have Account,36,3,9566,3,No,2,31,1,2
526,1,No Account,12,2,701,3,No,2,40,2,1
527,1,Have Account,12,2,2930,4,No,1,27,2,1
528,1,Have Account,18,2,1505,3,No,2,32,2,1
529,1,Have Account,18,3,2238,3,No,1,25,2,2
530,1,Have Account,4,3,1503,4,No,1,42,2,2
531,1,Have Account,24,3,2197,4,No,4,43,2,2
532,1,Have Account,12,2,1881,3,No,2,44,2,1
533,1,No Account,18,3,1880,4,No,1,32,2,2
534,1,No Account,18,2,2389,2,No,1,27,1,1
535,1,Have Account,24,2,1967,5,No,4,20,2,1
536,1,Have Account,4,3,3380,4,No,1,37,2,1
537,1,Have Account,4,3,1455,4,No,1,42,2,3
538,1,Have Account,7,3,730,5,No,2,46,2,2
539,1,Have Account,18,0,3244,3,No,4,33,0,2
540,0,Have Account,9,2,1670,2,No,2,22,2,1
541,1,Have Account,48,2,3979,4,No,1,41,2,2
542,0,Have Account,12,2,1922,3,No,2,37,2,1
543,1,Have Account,18,3,1295,2,No,1,27,2,2
544,1,Have Account,4,3,1544,4,No,1,42,2,3
545,1,Have Account,8,2,907,2,No,2,26,2,1
546,1,Have Account,30,2,1715,3,No,1,26,2,1
547,1,Have Account,10,3,1347,4,No,2,27,2,2
548,1,Have Account,12,2,1007,3,No,1,22,2,1
549,1,Have Account,12,3,1402,4,No,4,37,2,1
550,1,Have Account,12,2,2002,4,No,4,30,2,1
551,1,Have Account,12,3,2096,4,No,3,49,2,1
552,1,Have Account,12,2,1101,3,No,2,27,2,2
553,1,Have Account,10,2,894,4,No,3,40,2,1
554,1,Have Account,11,2,1577,2,No,1,20,2,1
555,1,Have Account,33,3,2764,3,No,2,26,2,2
556,1,Have Account,48,0,8358,2,No,1,30,2,2
557,1,Have Account,12,2,1474,2,No,1,33,0,1
558,1,Have Account,24,2,5433,1,No,4,26,2,1
559,1,Have Account,14,2,1410,5,No,2,35,2,1
560,1,Have Account,20,3,3485,2,No,4,44,2,2
561,1,Have Account,18,3,3850,4,No,1,27,2,2
562,0,Have Account,60,2,7408,2,No,2,24,2,1
563,1,Have Account,24,2,1377,5,No,2,47,2,1
564,1,Have Account,30,3,4272,3,No,2,26,2,2
565,1,Have Account,24,3,1553,4,No,2,23,2,2
566,1,Have Account,36,3,9857,4,No,3,31,2,2
567,1,Have Account,6,3,362,3,No,4,52,2,2
568,1,Have Account,12,3,1935,5,No,4,43,2,3
569,1,Have Account,48,2,10222,4,No,3,37,1,1
570,1,Have Account,12,2,1330,2,No,1,26,2,1
571,1,Have Account,36,2,9055,3,No,4,35,2,1
572,1,Have Account,26,2,7966,2,No,3,30,2,2
573,1,Have Account,30,1,3496,3,No,2,34,1,1
574,1,Have Account,36,2,6948,3,No,2,35,2,1
575,1,Have Account,48,0,12204,3,No,2,48,0,1
576,0,No Account,36,2,3446,5,No,2,42,2,1
577,0,No Account,12,2,684,3,No,4,40,2,1
578,0,No Account,33,3,4281,3,No,4,23,2,2
579,0,No Account,42,2,7174,4,No,3,30,2,1
580,0,No Account,24,1,1546,4,Yes,4,24,0,1
581,0,No Account,24,2,2359,1,No,1,33,2,1
582,0,Have Account,24,2,3621,5,No,4,31,2,2
583,0,No Account,12,2,741,1,No,3,22,2,1
584,0,No Account,12,2,7865,5,No,4,53,2,1
585,1,No Account,24,2,2910,4,No,1,34,2,1
586,1,No Account,18,3,5302,5,No,4,36,2,3
587,1,No Account,36,2,3620,3,Yes,2,37,2,1
588,1,No Account,18,2,3509,4,Yes,1,25,2,1
589,1,Have Account,12,2,3017,2,No,1,34,2,1
590,1,No Account,12,2,1657,3,No,2,27,2,1
591,1,No Account,8,3,1164,5,No,4,51,0,2
592,0,No Account,36,3,6229,2,Yes,4,23,2,2
593,0,No Account,24,1,1193,1,Yes,4,29,2,2
594,1,No Account,30,0,4583,3,Yes,2,32,2,2
595,1,No Account,36,3,5371,3,Yes,2,28,2,2
596,1,No Account,12,2,708,3,Yes,3,38,2,1
597,1,No Account,21,3,571,5,No,4,65,2,2
598,1,No Account,30,2,2522,5,Yes,3,39,2,1
599,0,No Account,36,2,5179,4,No,2,29,2,1
600,0,No Account,36,2,8229,3,No,2,26,2,1
601,1,Have Account,24,3,2028,4,No,2,30,2,2
602,1,No Account,6,2,1374,1,No,3,75,2,1
603,1,No Account,12,2,1289,3,Yes,1,21,2,1
604,0,No Account,36,2,2712,5,No,2,41,0,1
605,1,No Account,15,3,975,3,No,3,25,2,2
606,1,Have Account,6,3,1050,1,No,1,35,1,2
607,1,No Account,6,3,609,4,No,3,37,2,2
608,1,No Account,48,2,4788,4,No,3,26,2,1
609,1,Have Account,24,2,3069,5,No,4,30,2,1
610,0,Have Account,12,2,836,2,No,2,23,0,1
611,1,No Account,12,2,2577,3,No,1,42,2,1
612,1,No Account,12,2,1620,3,Yes,3,30,2,1
613,1,No Account,15,2,1845,2,Yes,1,46,2,1
614,1,No Account,24,2,6579,1,No,2,29,2,1
615,1,No Account,12,2,1893,3,Yes,4,29,2,1
616,1,No Account,30,3,10623,5,No,4,38,2,3
617,1,No Account,18,2,2249,4,No,3,30,2,1
618,0,No Account,30,2,3108,2,No,4,31,2,1
619,1,Have Account,12,3,958,4,No,3,47,2,2
620,1,Have Account,24,2,9277,3,No,4,48,2,1
621,1,Have Account,24,3,6314,1,Yes,2,27,0,2
622,1,No Account,12,3,1526,5,No,4,66,2,2
623,1,No Account,12,2,3590,3,Yes,2,29,2,1
624,1,No Account,24,3,6615,1,No,4,75,2,2
625,1,No Account,6,3,1872,1,No,4,36,2,3
626,1,Have Account,12,2,2859,1,No,4,38,2,1
627,1,Have Account,18,3,1582,5,No,4,46,2,2
628,1,Have Account,6,2,1238,1,No,4,36,2,1
629,1,No Account,12,2,2578,1,No,4,55,2,1
630,1,No Account,15,3,1433,3,No,3,25,2,2
631,1,No Account,42,2,7882,4,Yes,4,45,2,1
632,1,No Account,24,2,4169,3,No,4,28,2,1
633,1,No Account,36,2,3959,1,No,3,30,2,1
634,1,No Account,36,2,3249,4,No,4,39,0,1
635,1,No Account,24,2,3149,2,No,1,22,0,1
636,0,No Account,12,3,2246,5,No,3,60,2,2
637,1,No Account,13,3,1797,2,No,1,28,0,2
638,1,No Account,20,3,4272,5,No,4,24,2,2
639,1,No Account,24,3,2957,5,No,4,63,2,2
640,1,No Account,36,3,2348,3,No,2,46,2,2
641,1,Have Account,42,0,6289,2,No,1,33,2,2
642,1,No Account,24,3,6419,5,No,4,44,2,2
643,0,No Account,48,3,6143,5,No,4,58,1,2
644,1,Have Account,24,3,1597,5,No,4,54,2,2
645,1,No Account,36,2,15857,1,Yes,3,43,2,1
646,1,Have Account,24,3,2223,5,No,4,52,0,2
647,1,Have Account,48,3,7238,5,No,3,32,0,2
648,1,Have Account,30,3,2503,5,No,2,41,1,2
649,1,Have Account,18,2,2622,3,No,4,34,2,1
650,1,Have Account,24,2,4351,3,No,4,48,2,1
651,1,Have Account,6,2,368,5,No,4,38,2,1
652,1,Have Account,12,2,754,5,No,4,38,2,2
653,1,Have Account,24,3,2424,5,No,4,53,2,2
654,1,Have Account,48,3,6681,3,No,4,38,2,1
655,1,Have Account,18,3,2427,5,No,2,42,2,2
656,0,Have Account,24,3,1216,2,No,4,38,0,2
657,1,Have Account,6,2,753,3,Yes,3,64,2,1
658,1,Have Account,7,2,2576,3,Yes,2,35,2,1
659,1,Have Account,6,2,590,2,No,3,26,2,1
660,1,Have Account,8,2,1414,3,Yes,2,33,2,1
661,1,Have Account,12,2,1103,4,Yes,3,29,2,2
662,1,Have Account,12,3,585,3,Yes,4,20,2,2
663,1,Have Account,6,2,1068,5,No,4,28,2,1
664,1,No Account,8,3,713,5,No,4,47,2,2
665,1,Have Account,12,2,1092,3,Yes,4,49,2,2
666,1,Have Account,7,2,2329,2,Yes,1,45,2,1
667,1,Have Account,13,3,882,2,Yes,4,23,2,2
668,1,Have Account,18,2,866,3,Yes,2,25,2,1
669,1,Have Account,7,2,2415,3,Yes,2,34,2,1
670,1,Have Account,13,2,2101,2,Yes,4,23,2,1
671,1,Have Account,18,2,1301,5,Yes,2,32,2,1
672,1,Have Account,18,2,1113,3,Yes,4,26,2,1
673,1,Have Account,8,2,760,4,Yes,2,44,2,1
674,1,Have Account,12,2,625,2,Yes,1,26,0,1
675,1,Have Account,6,3,1323,5,No,4,28,2,2
676,1,No Account,9,3,1138,3,No,4,25,2,2
677,1,Have Account,18,3,1795,5,Yes,4,48,0,2
678,1,Have Account,15,3,2728,4,Yes,2,35,0,3
679,1,Have Account,6,2,484,4,Yes,3,28,0,1
680,1,Have Account,10,1,1048,3,No,4,23,1,1
681,1,Have Account,12,2,1155,5,Yes,3,40,0,2
682,1,Have Account,20,3,7057,4,No,4,36,0,2
683,1,Have Account,15,3,1537,5,Yes,4,50,2,2
684,1,No Account,12,2,2214,3,No,3,24,2,1
685,1,Have Account,24,3,1585,4,No,3,40,2,2
686,1,Have Account,10,2,1521,3,No,2,31,2,1
687,1,Have Account,36,1,3990,2,No,2,29,0,1
688,1,Have Account,18,2,3049,2,No,1,45,1,1
689,0,No Account,24,2,1282,3,No,2,32,2,1
690,1,Have Account,60,2,10144,4,No,4,21,2,1
691,1,No Account,12,2,1168,3,No,3,27,2,1
692,1,Have Account,6,2,454,2,No,1,22,2,1
693,1,Have Account,15,3,3594,2,No,2,46,2,2
694,1,Have Account,12,2,1768,3,No,2,24,2,1
695,1,Have Account,60,3,15653,4,No,4,21,2,2
696,1,Have Account,12,3,2247,3,No,2,36,1,2
697,1,Have Account,24,2,1413,3,No,2,28,2,1
698,1,Have Account,45,3,4576,1,No,4,27,2,1
699,1,No Account,24,3,1231,5,No,4,57,2,2
700,0,No Account,36,2,8335,5,No,4,47,2,1
701,1,Have Account,36,3,5800,3,No,4,34,2,2
702,1,No Account,18,3,8471,3,No,2,23,2,2
703,1,No Account,30,2,3622,5,No,4,57,2,2
704,1,No Account,6,3,1169,5,No,4,67,2,2
705,1,Have Account,15,2,1262,4,No,3,36,2,2
706,1,Have Account,24,3,3617,5,Yes,4,20,2,2
707,1,Have Account,30,3,2181,5,No,4,36,2,2
708,0,No Account,48,1,7685,4,Yes,4,37,2,1
709,1,Have Account,48,3,6110,3,No,3,31,0,1
710,1,Have Account,24,2,3757,5,Yes,4,62,2,1
711,1,No Account,42,3,3394,1,Yes,4,65,2,2
712,1,Have Account,36,3,6304,5,No,4,36,2,2
713,1,Have Account,9,3,1244,5,No,4,41,2,2
714,1,Have Account,6,2,3518,3,Yes,3,26,2,1
715,1,Have Account,36,0,2613,3,No,2,27,2,2
716,1,No Account,48,2,7476,4,No,1,50,2,1
717,0,Have Account,24,2,4591,3,No,3,54,2,3
718,0,Have Account,18,2,1924,2,No,3,27,2,1
719,0,Have Account,72,2,5595,3,No,2,24,2,1
720,0,Have Account,48,3,6224,5,No,4,50,2,1
721,1,Have Account,15,2,1905,5,No,4,40,2,1
722,1,Have Account,21,3,2993,3,No,2,28,1,2
723,1,Have Account,36,3,8947,4,No,2,31,1,1
724,1,No Account,24,2,4020,3,No,2,27,1,1
725,1,Have Account,18,2,2779,3,No,3,21,2,1
726,1,Have Account,21,2,2782,4,No,2,31,0,1
727,1,Have Account,12,2,1884,5,No,4,39,2,1
728,1,Have Account,36,3,11054,3,No,2,30,2,1
729,1,Have Account,60,3,9157,3,No,2,27,2,1
730,1,Have Account,42,1,9283,1,No,2,55,0,1
731,1,Have Account,60,2,6527,3,No,4,34,2,1
732,1,Have Account,15,3,3368,5,No,4,23,2,2
733,1,No Account,15,2,2511,1,No,4,23,2,1
734,1,No Account,36,2,5493,5,No,4,42,2,1
735,1,Have Account,6,2,1338,3,No,4,62,2,1
736,1,Have Account,9,2,1082,5,No,4,37,2,2
737,1,Have Account,18,3,1149,3,No,3,46,2,2
738,1,Have Account,15,2,1308,5,No,4,38,2,2
739,1,Have Account,20,0,6148,5,No,4,31,0,2
740,1,Have Account,12,2,1736,4,No,4,31,2,1
741,1,Have Account,12,2,3059,4,No,4,61,2,1
742,0,No Account,24,2,2996,3,No,4,20,2,1
743,1,Have Account,30,3,7596,5,No,4,63,2,2
744,1,Have Account,30,2,4811,4,No,4,24,1,1
745,1,Have Account,6,2,1766,3,No,2,21,2,1
746,1,Have Account,24,2,2760,5,No,4,36,0,1
747,1,Have Account,24,3,5507,5,No,4,44,2,2
748,1,Have Account,9,2,1199,4,No,4,67,2,2
749,1,Have Account,24,2,2892,5,No,4,51,2,1
750,1,Have Account,36,3,2862,5,No,3,30,2,1
751,0,No Account,9,2,654,3,No,3,28,2,1
752,0,Have Account,9,3,1136,5,No,3,32,2,2
753,0,Have Account,24,2,4113,2,No,4,28,2,1
754,0,Have Account,6,2,14555,1,No,2,23,2,1
755,0,No Account,15,0,950,5,No,3,33,2,2
756,0,No Account,24,3,1199,5,No,4,60,2,2
757,0,No Account,12,0,1082,3,No,4,48,0,2
758,0,Have Account,30,2,2150,3,Yes,2,24,0,1
759,0,Have Account,36,3,2820,2,No,4,27,2,2
760,0,Have Account,48,2,3060,4,No,4,28,2,2
761,0,No Account,18,2,2600,3,No,4,65,2,2
762,0,Have Account,21,0,5003,3,No,4,29,0,2
763,0,Have Account,60,2,6288,3,No,4,42,2,1
764,0,Have Account,24,3,2538,5,No,4,47,2,2
765,0,Have Account,9,2,1478,4,No,2,22,2,1
766,0,Have Account,39,3,4933,4,Yes,2,25,2,2
767,0,Have Account,18,3,1530,3,No,2,32,0,2
768,0,Have Account,9,1,1437,4,No,3,29,2,1
769,0,No Account,15,2,1275,3,No,2,24,2,1
770,0,No Account,24,2,1823,1,No,2,30,1,1
771,0,No Account,9,2,1422,2,No,2,27,2,1
772,0,No Account,18,2,1217,3,No,3,47,2,1
773,0,No Account,36,2,9271,4,No,1,24,2,1
774,0,No Account,36,3,2145,4,No,1,24,2,2
775,0,No Account,36,2,1842,2,No,4,34,2,1
776,0,Have Account,18,3,4297,5,No,3,40,2,1
777,0,No Account,6,3,3384,3,No,4,44,2,1
778,0,Have Account,18,3,1245,3,No,2,33,2,1
779,0,Have Account,15,2,4623,3,No,2,40,2,1
780,0,Have Account,30,3,8386,4,No,2,49,2,1
781,0,No Account,24,3,1024,2,No,4,48,1,1
782,0,Have Account,36,2,14318,5,No,2,57,2,1
783,0,Have Account,6,1,433,2,No,2,24,0,1
784,0,No Account,12,1,2149,3,No,1,29,2,1
785,0,Have Account,24,2,2397,5,No,2,35,0,2
786,0,Have Account,6,1,931,2,No,1,32,1,1
787,0,Have Account,15,3,1512,3,No,3,61,1,2
788,0,Have Account,24,0,4241,3,No,4,36,2,3
789,0,Have Account,24,3,4736,2,No,4,25,0,1
790,0,Have Account,15,0,1778,2,No,1,26,2,2
791,0,Have Account,15,2,2327,2,No,3,25,2,1
792,0,No Account,24,1,6872,2,No,1,55,0,1
793,0,No Account,12,2,795,2,No,4,53,2,1
794,0,Have Account,30,3,1908,5,No,4,66,2,1
795,0,Have Account,36,0,1953,5,No,4,61,2,1
796,0,Have Account,18,2,2864,3,No,1,34,2,1
797,0,Have Account,21,3,2319,2,No,1,33,2,1
798,0,No Account,24,2,915,5,No,2,29,0,1
799,0,Have Account,24,2,947,4,No,3,38,0,1
800,0,No Account,24,2,1381,3,No,2,35,2,1
801,0,No Account,24,2,1285,4,No,4,32,2,1
802,0,No Account,24,2,1371,3,No,4,25,2,1
803,0,Have Account,18,2,1042,3,No,2,33,2,1
804,0,No Account,12,2,900,3,No,2,23,2,1
805,0,No Account,24,2,1207,2,No,4,24,2,1
806,0,Have Account,18,0,2278,2,No,3,28,2,2
807,0,No Account,60,3,6836,5,No,4,63,2,2
808,0,No Account,24,2,3345,5,No,2,39,2,1
809,0,No Account,6,1,1198,5,No,4,35,2,1
810,0,Have Account,48,2,15672,3,No,2,23,2,1
811,0,No Account,60,2,7297,5,Yes,4,36,2,1
812,0,Have Account,18,2,1943,2,No,4,23,2,1
813,0,No Account,18,2,3190,3,No,2,24,2,1
814,0,Have Account,9,1,5129,5,No,4,74,0,1
815,0,Have Account,18,3,1808,4,No,1,22,2,1
816,0,Have Account,10,2,1240,5,No,4,48,2,1
817,0,No Account,12,2,759,4,No,2,26,2,1
818,0,Have Account,8,2,1237,3,No,4,24,2,1
819,0,Have Account,9,2,1980,2,Yes,2,19,2,2
820,0,Have Account,48,2,10961,4,Yes,2,27,0,2
821,0,No Account,36,3,6887,3,No,3,29,1,1
822,0,No Account,24,2,1938,2,No,3,32,2,1
823,0,No Account,21,2,1835,3,No,2,25,2,2
824,0,No Account,24,3,1659,2,No,2,29,2,1
825,0,Have Account,6,3,1209,1,No,4,47,2,1
826,0,Have Account,48,0,3844,4,No,4,34,2,1
827,0,No Account,12,3,4843,5,Yes,4,43,2,2
828,0,Have Account,12,2,639,3,No,2,30,2,1
829,0,Have Account,48,2,5951,3,No,2,22,2,1
830,0,Have Account,36,0,3804,3,No,1,42,2,1
831,0,Have Account,36,3,4463,3,No,2,26,2,2
832,0,Have Account,36,3,7980,2,No,4,27,2,2
833,0,Have Account,36,2,4210,3,No,2,26,2,1
834,0,Have Account,6,2,4611,2,No,4,32,2,1
835,0,Have Account,24,2,11560,3,No,4,23,2,2
836,0,Have Account,18,0,4165,3,No,2,36,1,2
837,0,Have Account,24,2,4057,4,No,3,43,2,1
838,0,Have Account,18,1,6458,5,No,4,39,0,2
839,0,Have Account,12,2,1386,3,No,2,26,2,1
840,0,No Account,36,2,1977,5,No,4,40,2,1
841,0,Have Account,18,3,1928,2,No,2,31,2,2
842,0,Have Account,12,2,1123,3,No,4,29,2,1
843,0,Have Account,24,2,11328,3,Yes,3,29,0,2
844,0,Have Account,24,3,11938,3,Yes,3,39,2,2
845,0,Have Account,27,3,2520,3,No,2,23,2,2
846,0,Have Account,30,3,1919,2,No,3,30,1,2
847,0,Have Account,60,1,14782,5,No,4,60,0,2
848,0,Have Account,36,2,2671,3,Yes,4,50,2,1
849,0,Have Account,36,2,12612,3,No,4,47,2,1
850,0,Have Account,45,2,3031,3,Yes,4,21,2,1
851,0,No Account,12,1,626,3,No,4,24,0,1
852,0,Have Account,24,3,1935,5,No,4,31,2,2
853,0,Have Account,24,3,1344,4,No,2,37,0,2
854,0,Have Account,18,2,1533,2,Yes,1,43,2,1
855,0,No Account,48,2,3931,4,No,4,46,2,1
856,0,No Account,24,1,3349,2,No,4,30,2,1
857,0,No Account,36,2,2302,3,No,4,31,2,1
858,0,No Account,42,2,3965,2,No,3,34,2,1
859,0,No Account,12,2,727,2,No,3,33,2,1
860,0,Have Account,48,2,3914,3,No,2,38,0,1
861,0,No Account,48,2,4308,2,No,4,24,2,1
862,0,Have Account,12,2,1534,2,No,1,23,2,1
863,0,Have Account,18,3,2775,4,No,2,31,0,2
864,0,No Account,40,3,5998,3,No,3,27,0,1
865,0,Have Account,15,3,1271,3,No,4,39,2,2
866,0,Have Account,12,2,1295,2,No,1,25,2,1
867,0,Have Account,36,2,9398,2,No,4,28,2,1
868,0,Have Account,12,2,951,2,No,4,27,0,4
869,0,Have Account,24,2,1355,2,No,4,25,2,1
870,0,No Account,48,2,3051,3,No,4,54,2,1
871,0,Have Account,36,3,7855,3,No,2,25,1,2
872,0,Have Account,18,2,433,1,Yes,4,22,2,1
873,0,Have Account,36,3,9572,2,No,1,28,2,2
874,0,Have Account,24,1,1837,4,No,4,34,0,1
875,0,Have Account,30,3,4249,1,No,2,28,2,2
876,0,Have Account,30,3,5234,1,No,2,28,2,2
877,0,No Account,48,2,6758,3,No,2,31,2,1
878,0,No Account,9,2,1366,2,No,4,22,2,1
879,0,No Account,24,1,1358,5,No,3,40,1,1
880,0,No Account,18,2,2473,1,No,1,25,2,1
881,0,Have Account,9,0,1337,2,No,2,34,2,2
882,0,No Account,48,2,7763,5,No,4,42,0,1
883,0,Have Account,15,1,1264,3,No,2,25,2,1
884,0,Have Account,15,2,2631,3,No,4,28,2,2
885,0,Have Account,48,2,6560,4,No,2,24,2,1
886,0,No Account,24,2,3123,2,No,1,27,2,1
887,0,No Account,36,3,8065,3,No,2,25,2,2
888,0,No Account,24,2,2439,2,No,4,35,2,1
889,0,Have Account,36,2,9034,2,Yes,1,29,2,1
890,0,Have Account,60,2,14027,4,No,2,27,2,1
891,0,No Account,36,3,9629,4,No,4,24,2,2
892,0,Have Account,12,2,1484,3,No,1,25,2,1
893,0,No Account,18,2,1131,1,No,2,33,2,1
894,0,Have Account,24,3,2064,1,No,2,34,2,1
895,0,Have Account,18,2,12976,1,No,4,38,2,1
896,0,Have Account,21,3,2580,2,No,2,41,0,1
897,0,Have Account,27,2,2570,3,No,3,21,2,1
898,0,Have Account,27,2,3915,3,No,2,36,2,1
899,0,Have Account,10,2,1309,3,Yes,4,27,2,1
900,0,No Account,24,2,4817,4,Yes,3,31,2,1
901,0,No Account,12,2,2579,2,No,1,33,2,1
902,0,Have Account,36,3,2225,5,No,4,57,0,2
903,0,No Account,18,2,4153,3,Yes,3,42,2,1
904,0,No Account,18,0,3114,2,No,4,26,2,1
905,0,No Account,18,3,2124,3,No,4,24,2,2
906,0,No Account,18,1,1553,3,No,3,44,0,1
907,0,No Account,30,2,2406,4,No,4,23,2,1
908,0,No Account,24,3,1333,1,No,2,43,2,2
909,0,No Account,48,0,7119,3,No,4,53,2,2
910,0,No Account,24,3,4870,3,No,4,53,2,2
911,0,No Account,12,3,691,5,No,3,35,2,2
912,0,No Account,42,3,4370,4,No,2,26,0,2
913,0,No Account,36,1,2746,5,No,4,31,0,1
914,0,No Account,24,0,4110,5,No,4,23,0,2
915,0,No Account,18,2,2462,3,No,2,22,2,1
916,0,No Account,12,2,1282,3,No,4,20,2,1
917,0,Have Account,12,0,2969,2,No,3,25,2,2
918,0,No Account,48,0,4605,5,No,4,24,2,2
919,0,No Account,48,3,6331,5,No,4,46,2,2
920,0,No Account,24,1,3552,4,No,4,27,0,1
921,0,No Account,12,1,697,2,No,2,46,0,2
922,0,No Account,24,2,1442,4,No,4,23,2,2
923,0,No Account,27,0,5293,1,No,4,50,2,2
924,0,No Account,21,3,3414,2,No,1,26,1,2
925,0,No Account,18,2,2039,3,No,4,20,2,1
926,0,No Account,24,1,3161,3,No,2,31,0,1
927,0,No Account,12,2,902,4,No,4,21,2,1
928,0,No Account,48,2,10297,4,No,4,39,2,3
929,0,Have Account,48,0,14421,3,No,2,25,1,1
930,0,Have Account,18,3,1056,5,Yes,3,30,2,2
931,0,No Account,12,2,1274,2,No,1,37,0,1
932,0,Have Account,12,2,1223,5,No,1,46,2,2
933,0,No Account,12,2,1372,4,No,3,36,2,1
934,0,No Account,16,3,2625,5,Yes,4,43,2,1
935,0,No Account,20,3,2235,3,Yes,2,33,0,2
936,0,Have Account,9,2,959,3,No,2,29,0,1
937,0,Have Account,18,3,884,5,No,4,36,2,1
938,0,Have Account,24,2,1246,2,No,2,23,0,1
939,0,Have Account,36,3,8086,5,No,4,42,1,4
940,0,Have Account,48,3,10127,3,No,2,44,2,1
941,0,Have Account,12,2,888,5,No,4,41,0,1
942,0,Have Account,12,2,719,5,No,4,41,0,1
943,0,Have Account,36,2,12389,3,No,4,37,0,1
944,0,No Account,12,2,709,5,No,4,57,2,1
945,0,Have Account,15,1,6850,1,No,2,34,1,1
946,0,Have Account,10,2,2210,3,No,2,25,2,1
947,0,Have Account,30,1,7485,1,No,1,53,0,1
948,0,No Account,18,1,1442,4,No,4,32,0,2
949,0,Have Account,12,3,797,5,No,3,33,2,1
950,0,Have Account,45,3,4746,2,No,2,24,0,2
951,0,Have Account,12,3,939,4,No,2,28,2,3
952,0,Have Account,21,2,1188,5,No,4,39,2,1
953,0,Have Account,48,3,11590,3,No,4,24,2,2
954,0,Have Account,12,1,609,2,No,1,26,0,1
955,0,No Account,18,3,1190,1,No,4,55,2,3
956,0,Have Account,21,2,2767,5,No,2,61,2,2
957,0,Have Account,30,2,3441,3,Yes,4,21,0,1
958,0,Have Account,30,0,4280,3,No,4,26,2,2
959,0,Have Account,24,2,3092,2,No,2,22,2,1
960,0,Have Account,18,2,6761,3,No,4,68,1,2
961,0,Have Account,12,2,1331,2,No,1,22,2,1
962,0,Have Account,54,0,15945,2,No,4,58,2,1
963,0,No Account,24,2,3234,2,No,4,23,2,1
964,0,Have Account,15,2,802,5,No,3,37,2,1
965,0,Have Account,48,2,9960,2,No,2,26,0,1
966,0,Have Account,24,3,8648,2,No,2,27,0,2
967,0,No Account,18,2,1345,3,No,3,26,2,1
968,0,No Account,45,2,1845,3,No,4,23,2,1
969,0,No Account,21,1,1647,3,No,2,40,0,2
970,0,Have Account,48,2,4844,1,No,2,33,2,1
971,0,Have Account,27,0,8318,5,No,4,42,1,2
972,0,Have Account,18,2,2100,3,Yes,2,37,2,1
973,0,No Account,45,0,11816,5,No,4,29,2,2
974,0,No Account,6,2,448,2,No,4,23,2,1
975,0,No Account,30,2,11998,2,No,1,34,0,1
976,0,Have Account,48,0,18424,3,No,2,32,0,1
977,0,No Account,6,2,14896,5,No,4,68,0,1
978,0,Have Account,12,2,2762,5,No,2,25,2,1
979,0,No Account,12,2,3386,5,No,4,35,2,1
980,0,Have Account,24,2,2039,2,No,1,22,2,1
981,0,Have Account,18,3,2169,3,No,2,28,2,1
982,0,Have Account,48,3,5096,3,No,3,30,2,1
983,0,No Account,18,2,1882,3,No,4,25,0,2
984,0,No Account,48,2,6999,4,Yes,1,34,2,2
985,0,Have Account,12,3,2292,1,No,2,42,1,2
986,0,No Account,14,2,8978,5,No,4,45,2,1
987,0,No Account,12,2,674,4,No,1,20,2,1
988,0,No Account,18,2,976,2,No,2,23,2,1
989,0,Have Account,24,2,2718,3,No,4,20,2,1
990,0,No Account,18,2,750,1,No,1,27,2,1
991,0,Have Account,24,2,12579,5,No,2,44,2,1
992,0,No Account,18,2,7511,5,No,4,51,2,1
993,0,No Account,18,3,3966,5,No,4,33,0,3
994,0,No Account,12,0,6199,3,No,2,28,2,2
995,0,No Account,24,2,1987,3,No,4,21,2,1
996,0,No Account,24,2,2303,5,Yes,1,45,2,1
997,0,Have Account,21,3,12680,5,No,4,30,2,1
998,0,Have Account,12,2,6468,1,No,1,52,2,1
999,0,No Account,30,2,6350,5,No,4,31,2,1
